INSERT INTO `ROLE` (`id`, `name`) VALUES ('1', 'ADMIN');
INSERT INTO `ROLE` (`id`, `name`) VALUES ('2', 'SUP');
INSERT INTO `ROLE` (`id`, `name`) VALUES ('3', 'USER');

INSERT INTO `USER` (`ID`, `Name`, `SurName`, `Password`, `Username`, `CREATE_BY`, `CREATE_DATE`, `UPDATE_BY`, `UPDATE_DATE`, `LoginFlag`) VALUES (1, 'fname', 'lname', '5f4dcc3b5aa765d61d8327deb882cf99', 'admin', NULL, '2018-06-28 11:45:43.357761', NULL, '0000-00-00 00:00:00.000000', 'N');
INSERT INTO `USER` (`ID`, `Name`, `SurName`, `Password`, `Username`, `CREATE_BY`, `CREATE_DATE`, `UPDATE_BY`, `UPDATE_DATE`, `LoginFlag`) VALUES (2, 'fname1', 'lname2', '5f4dcc3b5aa765d61d8327deb882cf99', 'Epis1', NULL, '2018-06-28 11:45:59.323910', NULL, '0000-00-00 00:00:00.000000', 'Y');
INSERT INTO `USER` (`ID`, `Name`, `SurName`, `Password`, `Username`, `CREATE_BY`, `CREATE_DATE`, `UPDATE_BY`, `UPDATE_DATE`, `LoginFlag`) VALUES (3, 'fname3', 'lname3', '5f4dcc3b5aa765d61d8327deb882cf99', 'Epis11', NULL, '2018-06-28 11:46:08.152196', NULL, '0000-00-00 00:00:00.000000', 'Y');
INSERT INTO `USER` (`ID`, `Name`, `SurName`, `Password`, `Username`, `CREATE_BY`, `CREATE_DATE`, `UPDATE_BY`, `UPDATE_DATE`, `LoginFlag`) VALUES (4, 'fname4', 'lname4', '5f4dcc3b5aa765d61d8327deb882cf99', 'Epis12', NULL, '2018-06-28 11:46:14.200390', NULL, '0000-00-00 00:00:00.000000', 'Y');
INSERT INTO `USER` (`ID`, `Name`, `SurName`, `Password`, `Username`, `CREATE_BY`, `CREATE_DATE`, `UPDATE_BY`, `UPDATE_DATE`, `LoginFlag`) VALUES
	(5, 'EPIS6', 'Agent', '5f4dcc3b5aa765d61d8327deb882cf99', 'EPIS6', NULL, '2018-07-01 16:53:47.381260', NULL, '0000-00-00 00:00:00.000000', 'Y'),
	(6, 'EPIS7', 'GFMIS', '5f4dcc3b5aa765d61d8327deb882cf99', 'EPIS7', NULL, '2018-07-01 16:53:47.392668', NULL, '0000-00-00 00:00:00.000000', 'Y'),
	(7, 'EPIS5', 'Agent', '5f4dcc3b5aa765d61d8327deb882cf99', 'EPIS5', NULL, '2018-07-01 16:53:47.398618', NULL, '0000-00-00 00:00:00.000000', 'Y'),
	(9, 'EPIS3', 'Agent', '5f4dcc3b5aa765d61d8327deb882cf99', 'EPIS3', NULL, '2018-07-01 16:53:47.407548', NULL, '0000-00-00 00:00:00.000000', 'Y'),
	(10, 'EPIS2', 'Supervisor', '5f4dcc3b5aa765d61d8327deb882cf99', 'EPIS2', NULL, '2018-07-01 16:53:47.411019', NULL, '0000-00-00 00:00:00.000000', 'Y'),
	(11, 'preecha', 'Wiengpak', 'e10adc3949ba59abbe56e057f20f883e', 'preechaW', NULL, '2018-07-01 16:53:47.414985', NULL, '0000-00-00 00:00:00.000000', 'Y'),
	(12, 'kun', 'BACK', '5f4dcc3b5aa765d61d8327deb882cf99', 'kunback', NULL, '2018-07-01 16:53:47.418956', NULL, '0000-00-00 00:00:00.000000', 'Y');


INSERT INTO `USER_ROLE` (`user_id`, `role_id`) VALUES ('1', '1');
INSERT INTO `USER_ROLE` (`user_id`, `role_id`) VALUES ('2', '2');
INSERT INTO `USER_ROLE` (`user_id`, `role_id`) VALUES ('3', '3');
INSERT INTO `USER_ROLE` (`user_id`, `role_id`) VALUES ('4', '3');
INSERT INTO `USER_ROLE` (`User_ID`, `Role_ID`) VALUES
	(5, 3),
	(6, 3),
	(7, 3),
	(9, 3),
	(10, 2),
	(11, 3),
	(12, 3);

INSERT INTO `map_gl_service_type` (`ID`, `GL_CODE`, `SERVICE_CODE`, `PRODUCT_CODE`, `PRODUCT_NAME`, `SUB_PRODUCT_CODE`, `SUB_PRODUCT_NAME`, `SERVICE_NAME`, `REVENUE_TYPE_CODE`, `REVENUE_TYPE_NAME`, `SEGMENT_CODE`, `SEGMENT_NAME`, `STATUS`, `SOURCE`, `REMARK`, `CREATE_BY`, `CREATE_DATE`, `UPDATE_BY`, `UPDATE_DATE`, `RECORD_STATUS`) VALUES
	(1, '212121', 'CAT01', '101010001', 'บ.CAT 001', '01', 'บ.CAT 001	', '212121 02 - รด.บริการ-นปท. 01 - บ.CAT 001', '02', 'รด.บริการ-นปท.', '10101', 'IDD', '1', 'OTHER', NULL, 'EPIS0', '2018-10-15 15:27:32.748157', 'EPIS0', '2018-10-15 00:00:00.000000', NULL),
	(2, '000022222', '01234', '102010101', 'บ.CAT FrameLink', '01', 'รด.ค่าใช้ท่อร้อยสาย	', '000022222 02 - รด.บริการ-นปท. 01 - รด.ค่าใช้ท่อร้อยสาย', '02', 'รด.บริการ-นปท.', '10201', 'DATACOM', '1', 'PENALTY_CHARGE', NULL, 'EPIS0', '2018-10-15 15:27:36.255299', 'EPIS0', '2018-10-15 00:00:00.000000', NULL),
	(3, '0021902202', 'my', '104010002', 'บ.my-PREPAID', '02', 'บ.พาดสายบนเสาไฟฟ้า	', 'บริการเติมเงิน my by CAT', '99', 'อื่น', '10401', 'my', '1', 'TOPUP', NULL, 'EPIS00', '2018-10-15 15:27:39.065308', 'EPIS0', '2018-10-15 00:00:00.000000', NULL),
	(4, '111111', 'PEC03', '104080001', 'โครงการเยียวยาฯ', '01', 'รด.ค่าใช้ท่อร้อยสาย	', '111111 01 - รด.บริการ-ใน/รปท. 01 - โครงการเยียวยาฯ ทดสอบทดสอบทดสอบทดสอบทดสอบทดสอบ', '01', 'รด.บริการ-ใน/รปท.', '10408', 'โครงการเยียวยาผู้ใช้บริการฯ', '1', 'PENALTY_CHARGE', NULL, 'EPIS0', '2018-10-15 15:27:44.198088', 'EPIS0', '2018-10-15 00:00:00.000000', NULL),
	(5, '131313', 'EXC01', '102040001', 'บ.Free WiFi (ยกเลิก)', '01', 'Free WiFi (ยกเลิก)	', '131313 05 - รด.บริการบัตร-รปท. 01 - Free WiFi (ยกเลิก)', '05', 'รด.บริการบัตร-รปท.', '10204', 'Free WiFi', '1', 'EXTEND_CHARGE', NULL, 'EPIS0', '2018-10-15 15:27:47.173778', 'EPIS0', '2018-10-15 00:00:00.000000', NULL),
	(6, '000000011', '12345', '101010001', 'บ.CAT 001', '01', 'รด.ค่าใช้ท่อร้อยสาย	', '000000011 01 - รด.บริการ-ใน/รปท. 01 - รด.ค่าใช้ท่อร้อยสาย', '01', 'รด.บริการ-ใน/รปท.', '10101', 'IDD', '1', 'EXTEND_CHARGE', NULL, 'EPIS0', '2018-10-15 15:27:50.137425', 'EPIS0', '2018-10-15 00:00:00.000000', NULL),
	(7, '121212', 'PEC01', '102020005', 'บ.Hinet - Partner', '01', 'บ.HiNet DriveT-Speed	', '121212 11 - รด.ค่าตอบแทนฝากขาย 01 - บ.HiNet DriveT-Speed', '11', 'รด.ค่าตอบแทนฝากขาย', '10202', 'Internet', '1', 'PENALTY_CHARGE', NULL, 'EPIS0', '2018-10-15 15:27:53.627610', 'EPIS0', '2018-10-15 00:00:00.000000', NULL),
	(8, '001', 'OT001', '104049901', 'บ.เกี่ยวฯ-วิทยุฯ', '06', 'บ.วิทยุคมนาคมอื่น	', '001 06 - รด.ค่าติดตั้ง/ซ่อมฯ 06 - บ.วิทยุคมนาคมอื่น', '02', 'รด.บริการ-นปท.', '10404', 'วิทยุคมนาคม', '1', 'OTHER', NULL, 'EPIS0', '2018-10-15 15:27:58.503728', 'EPIS0', '2018-10-15 00:00:00.000000', NULL);
	
INSERT INTO `master_data` (`ID`, `KEYCODE`, `VALUE`, `GROUP_KEY`, `TYPE`, `STATUS`, `ORDERED`, `PARENT_ID`, `REF_ID`, `PROPERTY_1`, `PROPERTY_2`, `PROPERTY_3`, `PROPERTY_4`, `PROPERTY_5`, `REMARK`, `CREATE_BY`, `CREATE_DATE`, `UPDATE_BY`, `UPDATE_DATE`, `RECORD_STATUS`) VALUES
	(1, 'Trigger_MS', '0 15 10 15 * ?', 'TriggerGoup', 'null', 'null', 'Master Data', 'null', 'null', 'null', 'null', 'null', 'null', 'null', 'every month', 'null', '2018-05-26 00:00:00.000000', 'null', '2018-05-26 00:00:00.000000', NULL),
	(2, 'Trigger_GL', '0 15 10 ? * SUN', 'TriggerGoup', 'null', 'null', 'Map GL', 'null', 'null', 'null', 'null', 'null', 'null', 'null', 'every week', 'null', '2018-05-26 00:00:00.000000', 'null', '2018-05-26 00:00:00.000000', NULL),
	(3, 'Trigger_User', '0 15 10 * * ?', 'TriggerGoup', 'null', 'null', 'Sync User', 'null', 'null', 'null', 'null', 'null', 'null', 'null', 'every day', 'null', '2018-05-26 00:00:00.000000', 'null', '2018-05-26 00:00:00.000000', NULL),
	(4, 'Trigger_Minus', '0 15 10 * * ?', 'TriggerGoup', 'null', 'null', 'Minus Online', 'null', 'null', 'null', 'null', 'null', 'null', 'null', 'every time', 'null', '2018-05-26 00:00:00.000000', 'null', '2018-05-26 00:00:00.000000', NULL),
	(5, 'bkk', 'กรุงเทพ', 'BANK_TYPE_EDC', 'null', 'Y', '', 'null', 'null', 'null', 'null', 'null', 'null', 'null', NULL, 'null', '2018-09-16 00:00:00.000000', 'null', '2018-09-16 00:00:00.000000', NULL),
	(6, 'kkb', 'กสิกรไทย', 'BANK_TYPE_EDC', 'null', 'Y', '', 'null', 'null', 'null', 'null', 'null', 'null', 'null', NULL, 'null', '2018-09-16 00:00:00.000000', 'null', '2018-09-16 00:00:00.000000', NULL),
	(7, '002', 'รับชำระผิดบริการ', 'OTHER_CANCEL_REASON', 'null', 'null', '2', 'null', 'null', 'INDAY', 'OUTDAY', 'null', 'null', 'null', NULL, 'EPIS0', '2018-11-08 00:00:00.000000', 'EPIS0', '2018-11-08 00:00:00.000000', NULL),
	(8, '004', 'ทดสอบตัวเลือก', 'OTHER_CANCEL_REASON', 'null', 'null', '4', 'null', 'null', 'null', 'null', 'null', 'null', 'null', NULL, 'EPIS0', '2018-11-08 00:00:00.000000', 'EPIS0', '2018-11-08 00:00:00.000000', NULL),
	(9, '003', 'บันทึกข้อมูลซ้ำ', 'IBACSS_CANCEL_REASON', 'null', 'null', '3', 'null', 'null', 'INDAY', 'null', 'null', 'null', 'null', NULL, 'EPIS00', '2018-11-08 00:00:00.000000', 'EPIS00', '2018-11-08 00:00:00.000000', NULL),
	(10, '001', 'ชื่อ-ที่อยู่ไม่ถูกต้อง', 'OTHER_CANCEL_REASON', 'null', 'null', '1', 'null', 'null', 'INDAY', 'OUTDAY', 'null', 'null', 'null', NULL, 'EPIS00', '2018-11-08 00:00:00.000000', 'EPIS00', '2018-11-08 00:00:00.000000', NULL),
	(11, '001', 'ชื่อ - ที่อยู่ ไม่ถูกต้อง', 'IBACSS_CANCEL_REASON', 'null', 'null', '1', 'null', 'null', 'INDAY', 'OUTDAY', 'null', 'null', 'null', NULL, 'EPIS00', '2018-11-08 00:00:00.000000', 'EPIS00', '2018-11-08 00:00:00.000000', NULL),
	(12, 'VAT_RATE', '7', 'VAT', 'null', 'null', '1', 'null', 'null', 'null', 'null', 'null', 'null', 'null', NULL, 'EPIS0', '2018-11-08 00:00:00.000000', 'EPIS0', '2018-11-08 00:00:00.000000', NULL),
	(13, 'VAT00', '0', 'VAT', 'null', 'null', '2', 'null', 'null', 'null', 'null', 'null', 'null', 'null', NULL, 'EPIS0', '2018-11-08 00:00:00.000000', 'EPIS0', '2018-11-08 00:00:00.000000', NULL),
	(14, 'Non-VAT', 'Non-VAT', 'VAT', 'null', 'null', '3', 'null', 'null', 'null', 'null', 'null', 'null', 'null', NULL, 'EPIS0', '2018-11-08 00:00:00.000000', 'EPIS0', '2018-11-08 00:00:00.000000', NULL),
	(15, '002', 'ชำระผิดใบแจ้งค่าใช้บริการ', 'IBACSS_CANCEL_REASON', 'null', 'null', '2', 'null', 'null', 'INDAY', 'OUTDAY', 'null', 'null', 'null', NULL, 'EPIS00', '2018-11-08 00:00:00.000000', 'EPIS00', '2018-11-08 00:00:00.000000', NULL),
	(16, '004', 'ลูกค้าขอยกเลิก', 'IBACSS_CANCEL_REASON', 'null', 'null', 'null', 'null', 'null', 'INDAY', 'OUTDAY', 'null', 'null', 'null', NULL, 'EPIS0', '2018-11-08 00:00:00.000000', 'EPIS0', '2018-11-08 00:00:00.000000', NULL),
	(17, '1514', 'สำนักงานบริการลูกค้า กสท หาดใหญ่', 'BUSINESS_AREA', 'null', 'Y', 'null', 'null', 'null', '01219', '1J10130', 'null', 'null', 'null', NULL, 'EPIS0', '2018-11-08 00:00:00.000000', 'EPIS0', '2018-11-08 00:00:00.000000', NULL),
	(18, '1515', 'สำนักงานบริการลูกค้า กสท ภูเก็ต', 'BUSINESS_AREA', 'null', 'Y', 'null', 'null', 'null', '01220', '1J10125', 'null', 'null', 'null', NULL, 'EPIS0', '2018-11-08 00:00:00.000000', 'EPIS0', '2018-11-08 00:00:00.000000', NULL),
	(19, '1516', 'สำนักงานบริการลูกค้า กสท สุราษฎร์ธานี', 'BUSINESS_AREA', 'null', 'Y', 'null', 'null', 'null', '01225', '1J10127', 'null', 'null', 'null', NULL, 'EPIS0', '2018-11-08 00:00:00.000000', 'EPIS0', '2018-11-08 00:00:00.000000', NULL),
	(20, '1517', 'สำนักงานบริการลูกค้า กสท ป่าตอง', 'BUSINESS_AREA', 'null', 'Y', 'null', 'null', 'null', '01252', '1J10126', 'null', 'null', 'null', NULL, 'EPIS0', '2018-11-08 00:00:00.000000', 'EPIS0', '2018-11-08 00:00:00.000000', NULL),
	(21, '1518', 'สำนักงานบริการลูกค้า กสท สงขลา', 'BUSINESS_AREA', 'null', 'Y', 'null', 'null', 'null', '01328', '1J10129', 'null', 'null', 'null', NULL, 'EPIS0', '2018-11-08 00:00:00.000000', 'EPIS0', '2018-11-08 00:00:00.000000', NULL),
	(22, '1519', 'สำนักงานบริการลูกค้า กสท แคท ซีดีเอ็มเอ ภูเก็ต', 'BUSINESS_AREA', 'null', 'Y', 'null', 'null', 'null', '01366', '1J10125', 'null', 'null', 'null', NULL, 'EPIS0', '2018-11-08 00:00:00.000000', 'EPIS0', '2018-11-08 00:00:00.000000', NULL),
	(23, '1520', 'สำนักงานบริการลูกค้า กสท CAT Shop หาดใหญ่', 'BUSINESS_AREA', 'null', 'Y', 'null', 'null', 'null', '01376', '1J10130', 'null', 'null', 'null', NULL, 'EPIS0', '2018-11-08 00:00:00.000000', 'EPIS0', '2018-11-08 00:00:00.000000', NULL),
	(24, '1521', 'สำนักงานบริการลูกค้า กสท สุราษฎร์ธานี (เซ็นทรัล)', 'BUSINESS_AREA', 'null', 'Y', 'null', 'null', 'null', '01386', '1J10127', 'null', 'null', 'null', NULL, 'EPIS0', '2018-11-08 00:00:00.000000', 'EPIS0', '2018-11-08 00:00:00.000000', NULL),
	(25, '1600', 'สำนักงานบริการลูกค้า กสท เขตตะวันตก', 'BUSINESS_AREA', 'null', 'Y', 'null', 'null', 'null', '01264', 'null', 'null', 'null', 'null', NULL, 'EPIS0', '2018-11-08 00:00:00.000000', 'EPIS0', '2018-11-08 00:00:00.000000', NULL),
	(26, '1601', 'สำนักงานบริการลูกค้า กสท นครปฐม', 'BUSINESS_AREA', 'null', 'Y', 'null', 'null', 'null', '01131', '1J10224', 'null', 'null', 'null', NULL, 'EPIS0', '2018-11-08 00:00:00.000000', 'EPIS0', '2018-11-08 00:00:00.000000', NULL),
	(27, '1602', 'สำนักงานบริการลูกค้า กสท ประจวบคีรีขันธ์', 'BUSINESS_AREA', 'null', 'Y', 'null', 'null', 'null', '01132', '1J10230', 'null', 'null', 'null', NULL, 'EPIS0', '2018-11-08 00:00:00.000000', 'EPIS0', '2018-11-08 00:00:00.000000', NULL),
	(28, '1603', 'สำนักงานบริการลูกค้า กสท หัวหิน', 'BUSINESS_AREA', 'null', 'Y', 'null', 'null', 'null', '01133', '1J10231', 'null', 'null', 'null', NULL, 'EPIS0', '2018-11-08 00:00:00.000000', 'EPIS0', '2018-11-08 00:00:00.000000', NULL),
	(29, '1604', 'สำนักงานบริการลูกค้า กสท บ้านโป่ง', 'BUSINESS_AREA', 'null', 'Y', 'null', 'null', 'null', '01135', '1J10221', 'null', 'null', 'null', NULL, 'EPIS0', '2018-11-08 00:00:00.000000', 'EPIS0', '2018-11-08 00:00:00.000000', NULL),
	(30, '1605', 'สำนักงานบริการลูกค้า กสท สมุทรสาคร', 'BUSINESS_AREA', 'null', 'Y', 'null', 'null', 'null', '01137', '1J10225', 'null', 'null', 'null', NULL, 'EPIS0', '2018-11-08 00:00:00.000000', 'EPIS0', '2018-11-08 00:00:00.000000', NULL),
	(31, '1606', 'สำนักงานบริการลูกค้า กสท สุพรรณบุรี', 'BUSINESS_AREA', 'null', 'Y', 'null', 'null', 'null', '01138', '1J10223', 'null', 'null', 'null', NULL, 'EPIS0', '2018-11-08 00:00:00.000000', 'EPIS0', '2018-11-08 00:00:00.000000', NULL),
	(32, '1607', 'สำนักงานบริการลูกค้า กสท กาญจนบุรี', 'BUSINESS_AREA', 'null', 'Y', 'null', 'null', 'null', '01139', '1J10222', 'null', 'null', 'null', NULL, 'EPIS0', '2018-11-08 00:00:00.000000', 'EPIS0', '2018-11-08 00:00:00.000000', NULL),
	(33, '1608', 'สำนักงานบริการลูกค้า กสท ราชบุรี', 'BUSINESS_AREA', 'null', 'Y', 'null', 'null', 'null', '01140', '1J10220', 'null', 'null', 'null', NULL, 'EPIS0', '2018-11-08 00:00:00.000000', 'EPIS0', '2018-11-08 00:00:00.000000', NULL),
	(34, '1609', 'สำนักงานบริการลูกค้า กสท เพชรบุรี', 'BUSINESS_AREA', 'null', 'Y', 'null', 'null', 'null', '01144', '1J10228', 'null', 'null', 'null', NULL, 'EPIS0', '2018-11-08 00:00:00.000000', 'EPIS0', '2018-11-08 00:00:00.000000', NULL),
	(35, '1610', 'สำนักงานบริการลูกค้า กสท สมุทรสงคราม', 'BUSINESS_AREA', 'null', 'Y', 'null', 'null', 'null', '01146', '1J10227', 'null', 'null', 'null', NULL, 'EPIS0', '2018-11-08 00:00:00.000000', 'EPIS0', '2018-11-08 00:00:00.000000', NULL),
	(36, '1611', 'สำนักงานบริการลูกค้า กสท ระนอง', 'BUSINESS_AREA', 'null', 'Y', 'null', 'null', 'null', '01204', '1J10232', 'null', 'null', 'null', NULL, 'EPIS0', '2018-11-08 00:00:00.000000', 'EPIS0', '2018-11-08 00:00:00.000000', NULL),
	(37, '1612', 'สำนักงานบริการลูกค้า กสท ชุมพร', 'BUSINESS_AREA', 'null', 'Y', 'null', 'null', 'null', '01207', '1J10233', 'null', 'null', 'null', NULL, 'EPIS0', '2018-11-08 00:00:00.000000', 'EPIS0', '2018-11-08 00:00:00.000000', NULL),
	(38, '1613', 'สำนักงานบริการลูกค้า กสท กระทุ่มแบน', 'BUSINESS_AREA', 'null', 'Y', 'null', 'null', 'null', '01317', '1J10226', 'null', 'null', 'null', NULL, 'EPIS0', '2018-11-08 00:00:00.000000', 'EPIS0', '2018-11-08 00:00:00.000000', NULL),
	(39, '1614', 'สำนักงานบริการลูกค้า กสท ชะอำ', 'BUSINESS_AREA', 'null', 'Y', 'null', 'null', 'null', '01318', '1J10229', 'null', 'null', 'null', NULL, 'EPIS0', '2018-11-08 00:00:00.000000', 'EPIS0', '2018-11-08 00:00:00.000000', NULL),
	(40, '1700', 'ฝ่ายพัฒนาธุรกิจการตลาดลูกค้ารายย่อย', 'BUSINESS_AREA', 'null', 'Y', 'null', 'null', 'null', '00000', '1J60400', 'null', 'null', 'null', NULL, 'EPIS0', '2018-11-08 00:00:00.000000', 'EPIS0', '2018-11-08 00:00:00.000000', NULL),
	(41, '1701', 'ศูนย์บริการลูกค้า บางรัก (อาคาร 16)', 'BUSINESS_AREA', 'null', 'Y', 'null', 'null', 'null', '01330', '1J60409', 'null', 'null', 'null', NULL, 'EPIS0', '2018-11-08 00:00:00.000000', 'EPIS0', '2018-11-08 00:00:00.000000', NULL),
	(42, '1702', 'ศูนย์บริการลูกค้า สามเสนใน', 'BUSINESS_AREA', 'null', 'Y', 'null', 'null', 'null', '01333', '1J60410', 'null', 'null', 'null', NULL, 'EPIS0', '2018-11-08 00:00:00.000000', 'EPIS0', '2018-11-08 00:00:00.000000', NULL),
	(43, '1703', 'ศูนย์บริการลูกค้า มีนบุรี', 'BUSINESS_AREA', 'null', 'Y', 'null', 'null', 'null', '01334', '1J60411', 'null', 'null', 'null', NULL, 'EPIS0', '2018-11-08 00:00:00.000000', 'EPIS0', '2018-11-08 00:00:00.000000', NULL),
	(44, '1704', 'ศูนย์บริการลูกค้า นนทบุรี', 'BUSINESS_AREA', 'null', 'Y', 'null', 'null', 'null', '01335', '1J60414', 'null', 'null', 'null', NULL, 'EPIS0', '2018-11-08 00:00:00.000000', 'EPIS0', '2018-11-08 00:00:00.000000', NULL),
	(45, '1705', 'ศูนย์บริการลูกค้า ราชดำเนิน', 'BUSINESS_AREA', 'null', 'Y', 'null', 'null', 'null', '01336', '1J60409', 'null', 'null', 'null', NULL, 'EPIS0', '2018-11-08 00:00:00.000000', 'EPIS0', '2018-11-08 00:00:00.000000', NULL),
	(46, '1706', 'ศูนย์บริการลูกค้า สมุทรปราการ', 'BUSINESS_AREA', 'null', 'Y', 'null', 'null', 'null', '01337', '1J60412', 'null', 'null', 'null', NULL, 'EPIS0', '2018-11-08 00:00:00.000000', 'EPIS0', '2018-11-08 00:00:00.000000', NULL),
	(47, '1707', 'ศูนย์บริการลูกค้า เซ็นทรัลพลาซ่า พระราม 2', 'BUSINESS_AREA', 'null', 'Y', 'null', 'null', 'null', '01343', '1J60413', 'null', 'null', 'null', NULL, 'EPIS0', '2018-11-08 00:00:00.000000', 'EPIS0', '2018-11-08 00:00:00.000000', NULL),
	(48, '1708', 'ศูนย์บริการลูกค้า สุขุมวิท', 'BUSINESS_AREA', 'null', 'Y', 'null', 'null', 'null', '01344', '1J60412', 'null', 'null', 'null', NULL, 'EPIS0', '2018-11-08 00:00:00.000000', 'EPIS0', '2018-11-08 00:00:00.000000', NULL),
	(49, '1709', 'ศูนย์บริการลูกค้า เอ็นมาร์คพลาซ่า', 'BUSINESS_AREA', 'null', 'Y', 'null', 'null', 'null', '01345', '1J60411', 'null', 'null', 'null', NULL, 'EPIS0', '2018-11-08 00:00:00.000000', 'EPIS0', '2018-11-08 00:00:00.000000', NULL),
	(50, '1710', 'ศูนย์บริการลูกค้า เดอะมอลล์รามคำแหง', 'BUSINESS_AREA', 'null', 'Y', 'null', 'null', 'null', '01346', '1J60411', 'null', 'null', 'null', NULL, 'EPIS0', '2018-11-08 00:00:00.000000', 'EPIS0', '2018-11-08 00:00:00.000000', NULL),
	(51, '1711', 'ศูนย์บริการลูกค้า เดอะมอลล์บางแค', 'BUSINESS_AREA', 'null', 'Y', 'null', 'null', 'null', '01347', '1J60413', 'null', 'null', 'null', NULL, 'EPIS0', '2018-11-08 00:00:00.000000', 'EPIS0', '2018-11-08 00:00:00.000000', NULL),
	(52, '1712', 'ศูนย์บริการลูกค้า เดอะมอลล์ท่าพระ', 'BUSINESS_AREA', 'null', 'Y', 'null', 'null', 'null', '01348', '1J60409', 'null', 'null', 'null', NULL, 'EPIS0', '2018-11-08 00:00:00.000000', 'EPIS0', '2018-11-08 00:00:00.000000', NULL),
	(53, '1713', 'ศูนย์บริการลูกค้า คลองหลวง', 'BUSINESS_AREA', 'null', 'Y', 'null', 'null', 'null', '01350', '1J60414', 'null', 'null', 'null', NULL, 'EPIS0', '2018-11-08 00:00:00.000000', 'EPIS0', '2018-11-08 00:00:00.000000', NULL),
	(54, '1714', 'ศูนย์บริการลูกค้า ยานนาวา', 'BUSINESS_AREA', 'null', 'Y', 'null', 'null', 'null', '01351', '1J60409', 'null', 'null', 'null', NULL, 'EPIS0', '2018-11-08 00:00:00.000000', 'EPIS0', '2018-11-08 00:00:00.000000', NULL),
	(55, '1715', 'CAT TELECOM INTERNATIONAL TRAN', 'BUSINESS_AREA', 'null', 'Y', 'null', 'null', 'null', '01370', '1J60415', 'null', 'null', 'null', NULL, 'EPIS0', '2018-11-08 00:00:00.000000', 'EPIS0', '2018-11-08 00:00:00.000000', NULL),
	(56, '1716', 'ศูนย์บริการลูกค้า จัตุรัสจามจุรี', 'BUSINESS_AREA', 'null', 'Y', 'null', 'null', 'null', '01379', '1J60410', 'null', 'null', 'null', NULL, 'EPIS0', '2018-11-08 00:00:00.000000', 'EPIS0', '2018-11-08 00:00:00.000000', NULL),
	(57, '1717', 'ศูนย์บริการลูกค้า แจ้งวัฒนะ', 'BUSINESS_AREA', 'null', 'Y', 'null', 'null', 'null', '00000', '1J60410', 'null', 'null', 'null', NULL, 'EPIS0', '2018-11-08 00:00:00.000000', 'EPIS0', '2018-11-08 00:00:00.000000', NULL),
	(58, '1719', 'ศูนย์บริการลูกค้า อาคาร CAT TOWER', 'BUSINESS_AREA', 'null', 'Y', 'null', 'null', 'null', '01349', '1J60409', 'null', 'null', 'null', NULL, 'EPIS0', '2018-11-08 00:00:00.000000', 'EPIS0', '2018-11-08 00:00:00.000000', NULL),
	(59, '1721', 'ศูนย์บริการลูกค้า ธนบุรี', 'BUSINESS_AREA', 'null', 'Y', 'null', 'null', 'null', '01388', '1J60413', 'null', 'null', 'null', NULL, 'EPIS0', '2018-11-08 00:00:00.000000', 'EPIS0', '2018-11-08 00:00:00.000000', NULL),
	(60, '1722', 'ศูนย์บริการลูกค้า เมกา บางนา', 'BUSINESS_AREA', 'null', 'Y', 'null', 'null', 'null', '01389', '1J60412', 'null', 'null', 'null', NULL, 'EPIS0', '2018-11-08 00:00:00.000000', 'EPIS0', '2018-11-08 00:00:00.000000', NULL),
	(61, '001', 'ธนาคารแห่งประเทศไทย', 'BANK_TYPE', 'null', 'Y', '1', 'null', 'null', 'null', 'null', 'null', 'null', 'null', NULL, 'null', '2018-11-08 00:00:00.000000', 'null', '2018-11-08 00:00:00.000000', NULL),
	(62, '002', 'ธ.กรุงเทพ จำกัด(มหาชน)', 'BANK_TYPE', 'null', 'Y', '2', 'null', 'null', 'null', 'null', 'null', 'null', 'null', NULL, 'null', '2018-11-08 00:00:00.000000', 'null', '2018-11-08 00:00:00.000000', NULL),
	(63, '004', 'ธ.กสิกรไทย จำกัด(มหาชน)', 'BANK_TYPE', 'null', 'Y', '3', 'null', 'null', 'null', 'null', 'null', 'null', 'null', NULL, 'null', '2018-11-08 00:00:00.000000', 'null', '2018-11-08 00:00:00.000000', NULL),
	(64, '005', 'The Royal Bank of Scotland', 'BANK_TYPE', 'null', 'Y', '4', 'null', 'null', 'null', 'null', 'null', 'null', 'null', NULL, 'null', '2018-11-08 00:00:00.000000', 'null', '2018-11-08 00:00:00.000000', NULL),
	(65, '006', 'ธ.กรุงไทย จำกัด(มหาชน)', 'BANK_TYPE', 'null', 'Y', '5', 'null', 'null', '1', 'null', 'null', 'null', 'null', NULL, 'null', '2018-11-08 00:00:00.000000', 'null', '2018-11-08 00:00:00.000000', NULL),
	(66, '007', 'ธ.สแตนดาร์ดชาร์เตอร์ด ', 'BANK_TYPE', 'null', 'Y', '6', 'null', 'null', 'null', 'null', 'null', 'null', 'null', NULL, 'null', '2018-11-08 00:00:00.000000', 'null', '2018-11-08 00:00:00.000000', NULL),
	(67, '008', 'ธ.เจพี มอร์แกน เชส', 'BANK_TYPE', 'null', 'Y', '7', 'null', 'null', 'null', 'null', 'null', 'null', 'null', NULL, 'null', '2018-11-08 00:00:00.000000', 'null', '2018-11-08 00:00:00.000000', NULL),
	(68, '009', 'ธ.โอเวอร์ซี-ไชนีสแบงกิ้งคอร์ปอเรชั่น', 'BANK_TYPE', 'null', 'Y', '8', 'null', 'null', 'null', 'null', 'null', 'null', 'null', NULL, 'null', '2018-11-08 00:00:00.000000', 'null', '2018-11-08 00:00:00.000000', NULL),
	(69, '010', 'ธนาคารแห่งโตเกียว-มิตซูบิชิ', 'BANK_TYPE', 'null', 'Y', '9', 'null', 'null', 'null', 'null', 'null', 'null', 'null', NULL, 'null', '2018-11-08 00:00:00.000000', 'null', '2018-11-08 00:00:00.000000', NULL),
	(70, '011', 'ธ.ทหารไทย จำกัด(มหาชน)', 'BANK_TYPE', 'null', 'Y', '10', 'null', 'null', 'null', 'null', 'null', 'null', 'null', NULL, 'null', '2018-11-08 00:00:00.000000', 'null', '2018-11-08 00:00:00.000000', NULL),
	(71, '012', 'ธ.ดีบีเอส ไทยทนุ จำกัด(มหาชน)', 'BANK_TYPE', 'null', 'Y', '11', 'null', 'null', 'null', 'null', 'null', 'null', 'null', NULL, 'null', '2018-11-08 00:00:00.000000', 'null', '2018-11-08 00:00:00.000000', NULL),
	(72, '013', 'ธ.มหานคร จำกัด(มหาชน)', 'BANK_TYPE', 'null', 'Y', '12', 'null', 'null', 'null', 'null', 'null', 'null', 'null', NULL, 'null', '2018-11-08 00:00:00.000000', 'null', '2018-11-08 00:00:00.000000', NULL),
	(73, '014', 'ธ.ไทยพาณิชย์ จำกัด(มหาชน)', 'BANK_TYPE', 'null', 'Y', '13', 'null', 'null', 'null', 'null', 'null', 'null', 'null', NULL, 'null', '2018-11-08 00:00:00.000000', 'null', '2018-11-08 00:00:00.000000', NULL),
	(74, '015', 'ธ.นครหลวงไทย จำกัด(มหาชน)', 'BANK_TYPE', 'null', 'Y', '14', 'null', 'null', 'null', 'null', 'null', 'null', 'null', NULL, 'null', '2018-11-08 00:00:00.000000', 'null', '2018-11-08 00:00:00.000000', NULL),
	(75, '017', 'ธ.ซิตี้แบงก์, เอ็น.เอ.', 'BANK_TYPE', 'null', 'Y', '15', 'null', 'null', 'null', 'null', 'null', 'null', 'null', NULL, 'null', '2018-11-08 00:00:00.000000', 'null', '2018-11-08 00:00:00.000000', NULL),
	(76, '018', 'ธ.ซูมิโตโม - มิตซุย แบงกิ้ง คอร์ปอเรชั่น', 'BANK_TYPE', 'null', 'Y', '16', 'null', 'null', 'null', 'null', 'null', 'null', 'null', NULL, 'null', '2018-11-08 00:00:00.000000', 'null', '2018-11-08 00:00:00.000000', NULL),
	(77, '019', 'ธ.ยูโอบี รัตนสิน จำกัด(มหาชน)', 'BANK_TYPE', 'null', 'Y', '17', 'null', 'null', 'null', 'null', 'null', 'null', 'null', NULL, 'null', '2018-11-08 00:00:00.000000', 'null', '2018-11-08 00:00:00.000000', NULL),
	(78, '020', 'ธ.สแตนดาร์ดชาร์เตอร์ (ไทย)  จำกัด (มหาชน)', 'BANK_TYPE', 'null', 'Y', '18', 'null', 'null', 'null', 'null', 'null', 'null', 'null', NULL, 'null', '2018-11-08 00:00:00.000000', 'null', '2018-11-08 00:00:00.000000', NULL),
	(79, '021', 'ธ.นครหลวงไทย จำกัด(2)(มหาชน)', 'BANK_TYPE', 'null', 'Y', '19', 'null', 'null', 'null', 'null', 'null', 'null', 'null', NULL, 'null', '2018-11-08 00:00:00.000000', 'null', '2018-11-08 00:00:00.000000', NULL),
	(80, '022', 'ธ.ซีไอเอ็มบี ไทย จำกัด(มหาชน)', 'BANK_TYPE', 'null', 'Y', '20', 'null', 'null', 'null', 'null', 'null', 'null', 'null', NULL, 'null', '2018-11-08 00:00:00.000000', 'null', '2018-11-08 00:00:00.000000', NULL),
	(81, '023', 'ธ.อาร์ เอช บี', 'BANK_TYPE', 'null', 'Y', '21', 'null', 'null', 'null', 'null', 'null', 'null', 'null', NULL, 'null', '2018-11-08 00:00:00.000000', 'null', '2018-11-08 00:00:00.000000', NULL),
	(82, '024', 'ธนาคาร ยูโอบี จำกัด(มหาชน)', 'BANK_TYPE', 'null', 'Y', '22', 'null', 'null', 'null', 'null', 'null', 'null', 'null', NULL, 'null', '2018-11-08 00:00:00.000000', 'null', '2018-11-08 00:00:00.000000', NULL),
	(83, '025', 'ธ.กรุงศรีอยุธยา จำกัด(มหาชน)', 'BANK_TYPE', 'null', 'Y', '23', 'null', 'null', 'null', 'null', 'null', 'null', 'null', NULL, 'null', '2018-11-08 00:00:00.000000', 'null', '2018-11-08 00:00:00.000000', NULL),
	(84, '026', 'ธนาคาร เมกะ สากลพาณิชย์ จำกัด (มหาชน)', 'BANK_TYPE', 'null', 'Y', '24', 'null', 'null', 'null', 'null', 'null', 'null', 'null', NULL, 'null', '2018-11-08 00:00:00.000000', 'null', '2018-11-08 00:00:00.000000', NULL),
	(85, '027', 'ธนาคารแห่งอเมริกา เนชั่นแนล แอสโซซิเอชั่น', 'BANK_TYPE', 'null', 'Y', '25', 'null', 'null', 'null', 'null', 'null', 'null', 'null', NULL, 'null', '2018-11-08 00:00:00.000000', 'null', '2018-11-08 00:00:00.000000', NULL),
	(86, '028', 'ธ.เครดิต อะกริกอล', 'BANK_TYPE', 'null', 'Y', '26', 'null', 'null', 'null', 'null', 'null', 'null', 'null', NULL, 'null', '2018-11-08 00:00:00.000000', 'null', '2018-11-08 00:00:00.000000', NULL),
	(87, '029', 'ธ.อินเดียน โอเวอร์ซีส์', 'BANK_TYPE', 'null', 'Y', '27', 'null', 'null', 'null', 'null', 'null', 'null', 'null', NULL, 'null', '2018-11-08 00:00:00.000000', 'null', '2018-11-08 00:00:00.000000', NULL),
	(88, '030', 'ธ.ออมสิน', 'BANK_TYPE', 'null', 'Y', '28', 'null', 'null', 'null', 'null', 'null', 'null', 'null', NULL, 'null', '2018-11-08 00:00:00.000000', 'null', '2018-11-08 00:00:00.000000', NULL),
	(89, '031', 'ธ.ฮ่องกงและเซี่ยงไฮ้', 'BANK_TYPE', 'null', 'Y', '29', 'null', 'null', 'null', 'null', 'null', 'null', 'null', NULL, 'null', '2018-11-08 00:00:00.000000', 'null', '2018-11-08 00:00:00.000000', NULL),
	(90, '032', 'ธ.ดอยซ์แบงก์', 'BANK_TYPE', 'null', 'Y', '30', 'null', 'null', 'null', 'null', 'null', 'null', 'null', NULL, 'null', '2018-11-08 00:00:00.000000', 'null', '2018-11-08 00:00:00.000000', NULL),
	(91, '033', 'ธนาคารอาคารสงเคราะห์', 'BANK_TYPE', 'null', 'Y', '31', 'null', 'null', 'null', 'null', 'null', 'null', 'null', NULL, 'null', '2018-11-08 00:00:00.000000', 'null', '2018-11-08 00:00:00.000000', NULL),
	(92, '034', 'ธ.เพื่อการเกษตรและสหกรณ์(ธกส)', 'BANK_TYPE', 'null', 'Y', '32', 'null', 'null', 'null', 'null', 'null', 'null', 'null', NULL, 'null', '2018-11-08 00:00:00.000000', 'null', '2018-11-08 00:00:00.000000', NULL),
	(93, '035', 'ธนาคารเพื่อการส่งออกและนำเข้าแห่งประเทศไทย', 'BANK_TYPE', 'null', 'Y', '33', 'null', 'null', 'null', 'null', 'null', 'null', 'null', NULL, 'null', '2018-11-08 00:00:00.000000', 'null', '2018-11-08 00:00:00.000000', NULL),
	(94, '039', 'ธ.มิซูโฮ คอร์ปอเรต จำกัด', 'BANK_TYPE', 'null', 'Y', '34', 'null', 'null', 'null', 'null', 'null', 'null', 'null', NULL, 'null', '2018-11-08 00:00:00.000000', 'null', '2018-11-08 00:00:00.000000', NULL),
	(95, '040', 'ธ.เดรสด์เนอร์ เอจี', 'BANK_TYPE', 'null', 'Y', '35', 'null', 'null', 'null', 'null', 'null', 'null', 'null', NULL, 'null', '2018-11-08 00:00:00.000000', 'null', '2018-11-08 00:00:00.000000', NULL),
	(96, '045', 'ธ.บีเอ็นพี พารีบาส กรุงเทพฯ', 'BANK_TYPE', 'null', 'Y', '36', 'null', 'null', 'null', 'null', 'null', 'null', 'null', NULL, 'null', '2018-11-08 00:00:00.000000', 'null', '2018-11-08 00:00:00.000000', NULL),
	(97, '047', 'ธนาคารเพื่อการอุตสาหกรรมแห่งประเทศญี่ปุ่น', 'BANK_TYPE', 'null', 'Y', '37', 'null', 'null', 'null', 'null', 'null', 'null', 'null', NULL, 'null', '2018-11-08 00:00:00.000000', 'null', '2018-11-08 00:00:00.000000', NULL),
	(98, '052', 'ธนาคารแห่งประเทศจีน', 'BANK_TYPE', 'null', 'Y', '38', 'null', 'null', 'null', 'null', 'null', 'null', 'null', NULL, 'null', '2018-11-08 00:00:00.000000', 'null', '2018-11-08 00:00:00.000000', NULL),
	(99, '053', 'ธนาคารแห่งโนวาสโกเทีย', 'BANK_TYPE', 'null', 'Y', '39', 'null', 'null', 'null', 'null', 'null', 'null', 'null', NULL, 'null', '2018-11-08 00:00:00.000000', 'null', '2018-11-08 00:00:00.000000', NULL),
	(100, '065', 'ธ.ธนชาต จำกัด(มหาชน)', 'BANK_TYPE', 'null', 'Y', '40', 'null', 'null', 'null', 'null', 'null', 'null', 'null', NULL, 'null', '2018-11-08 00:00:00.000000', 'null', '2018-11-08 00:00:00.000000', NULL),
	(101, '066', 'ธนาคารอิสลามแห่งประเทศไทย', 'BANK_TYPE', 'null', 'Y', '41', 'null', 'null', 'null', 'null', 'null', 'null', 'null', NULL, 'null', '2018-11-08 00:00:00.000000', 'null', '2018-11-08 00:00:00.000000', NULL),
	(102, '067', 'ธนาคารทิสโก้  จำกัด', 'BANK_TYPE', 'null', 'Y', '42', 'null', 'null', 'null', 'null', 'null', 'null', 'null', NULL, 'null', '2018-11-08 00:00:00.000000', 'null', '2018-11-08 00:00:00.000000', NULL),
	(103, '069', 'ธ.เกียรตินาคิน', 'BANK_TYPE', 'null', 'Y', '43', 'null', 'null', 'null', 'null', 'null', 'null', 'null', NULL, 'null', '2018-11-08 00:00:00.000000', 'null', '2018-11-08 00:00:00.000000', NULL),
	(104, '070', 'ธนาคารไอซีบีซี(ไทย)', 'BANK_TYPE', 'null', 'Y', '44', 'null', 'null', 'null', 'null', 'null', 'null', 'null', NULL, 'null', '2018-11-08 00:00:00.000000', 'null', '2018-11-08 00:00:00.000000', NULL),
	(105, '071', 'ธนาคารไทยเครดิต', 'BANK_TYPE', 'null', 'Y', '45', 'null', 'null', 'null', 'null', 'null', 'null', 'null', NULL, 'null', '2018-11-08 00:00:00.000000', 'null', '2018-11-08 00:00:00.000000', NULL),
	(106, '073', 'ธนาคารแลนด์ แอนด์ เฮ้าส์ จำกัด(มหาชน)', 'BANK_TYPE', 'null', 'Y', '46', 'null', 'null', 'null', 'null', 'null', 'null', 'null', NULL, 'null', '2018-11-08 00:00:00.000000', 'null', '2018-11-08 00:00:00.000000', NULL),
	(107, '079', 'ธนาคารเอเอ็นแซด (ไทย) จำกัด(มหาชน)', 'BANK_TYPE', 'null', 'Y', '47', 'null', 'null', 'null', 'null', 'null', 'null', 'null', NULL, 'null', '2018-11-08 00:00:00.000000', 'null', '2018-11-08 00:00:00.000000', NULL),
	(108, '098', 'ธ.ขนาดกลางและขนาดย่อมแห่งประเทศไทย', 'BANK_TYPE', 'null', 'Y', '48', 'null', 'null', 'null', 'null', 'null', 'null', 'null', NULL, 'null', '2018-11-08 00:00:00.000000', 'null', '2018-11-08 00:00:00.000000', NULL),
	(109, '804', 'Credit Card KBank', 'BANK_TYPE', 'null', 'Y', '49', 'null', 'null', 'null', 'null', 'null', 'null', 'null', NULL, 'null', '2018-11-08 00:00:00.000000', 'null', '2018-11-08 00:00:00.000000', NULL),
	(110, '806', 'Credit Card KTC', 'BANK_TYPE', 'null', 'Y', '50', 'null', 'null', 'null', 'null', 'null', 'null', 'null', NULL, 'null', '2018-11-08 00:00:00.000000', 'null', '2018-11-08 00:00:00.000000', NULL),
	(111, 'UNIT001', 'ชุด', 'OTHER_PAYMENT_UNIT', 'null', 'null', 'null', 'null', 'null', 'null', 'null', 'null', 'null', 'null', NULL, 'null', '2018-11-08 00:00:00.000000', 'null', '2018-11-08 00:00:00.000000', NULL),
	(112, 'UNIT002', 'ครั้ง', 'OTHER_PAYMENT_UNIT', 'null', 'null', 'null', 'null', 'null', 'null', 'null', 'null', 'null', 'null', NULL, 'null', '2018-11-08 00:00:00.000000', 'null', '2018-11-08 00:00:00.000000', NULL),
	(113, 'UNIT003', 'เล่ม', 'OTHER_PAYMENT_UNIT', 'null', 'null', 'null', 'null', 'null', 'null', 'null', 'null', 'null', 'null', NULL, 'null', '2018-11-08 00:00:00.000000', 'null', '2018-11-08 00:00:00.000000', NULL),
	(114, '1111111', 'test1', 'OTHER_PAYMENT_UNIT', 'null', 'null', 'null', 'null', 'null', 'null', 'null', 'null', 'null', 'null', NULL, 'null', '2018-11-08 00:00:00.000000', 'null', '2018-11-08 00:00:00.000000', NULL),
	(115, '003', 'ยอดเงินภาษีไม่ถูกต้อง', 'OTHER_CANCEL_REASON', 'null', 'null', '3', 'null', 'null', 'INDAY', 'null', 'null', 'null', 'null', NULL, 'yls02', '2018-11-08 00:00:00.000000', 'yls02', '2018-11-08 00:00:00.000000', NULL),
	(116, '1306', 'สำนักงานบริการลูกค้า กสท ศรีสะเกษ', 'BUSINESS_AREA', 'null', 'Y', 'null', 'null', 'null', '01175', '1J30124', 'null', 'null', 'null', NULL, 'EPIS0', '2018-11-08 00:00:00.000000', 'EPIS0', '2018-11-08 00:00:00.000000', NULL),
	(117, '1307', 'สำนักงานบริการลูกค้า กสท ร้อยเอ็ด', 'BUSINESS_AREA', 'null', 'Y', 'null', 'null', 'null', '01176', '1J30138', 'null', 'null', 'null', NULL, 'EPIS0', '2018-11-08 00:00:00.000000', 'EPIS0', '2018-11-08 00:00:00.000000', NULL),
	(118, '1308', 'สำนักงานบริการลูกค้า กสท หนองคาย', 'BUSINESS_AREA', 'null', 'Y', 'null', 'null', 'null', '01177', '1J30135', 'null', 'null', 'null', NULL, 'EPIS0', '2018-11-08 00:00:00.000000', 'EPIS0', '2018-11-08 00:00:00.000000', NULL),
	(119, '1309', 'สำนักงานบริการลูกค้า กสท บุรีรัมย์', 'BUSINESS_AREA', 'null', 'Y', 'null', 'null', 'null', '01178', '1J30122', 'null', 'null', 'null', NULL, 'EPIS0', '2018-11-08 00:00:00.000000', 'EPIS0', '2018-11-08 00:00:00.000000', NULL),
	(120, '1310', 'สำนักงานบริการลูกค้า กสท เลย', 'BUSINESS_AREA', 'null', 'Y', 'null', 'null', 'null', '01179', '1J30134', 'null', 'null', 'null', NULL, 'EPIS0', '2018-11-08 00:00:00.000000', 'EPIS0', '2018-11-08 00:00:00.000000', NULL),
	(121, '1311', 'สำนักงานบริการลูกค้า กสท ชัยภูมิ', 'BUSINESS_AREA', 'null', 'Y', 'null', 'null', 'null', '01180', '1J30127', 'null', 'null', 'null', NULL, 'EPIS0', '2018-11-08 00:00:00.000000', 'EPIS0', '2018-11-08 00:00:00.000000', NULL),
	(122, '1312', 'สำนักงานบริการลูกค้า กสท มหาสารคาม', 'BUSINESS_AREA', 'null', 'Y', 'null', 'null', 'null', '01181', '1J30137', 'null', 'null', 'null', NULL, 'EPIS0', '2018-11-08 00:00:00.000000', 'EPIS0', '2018-11-08 00:00:00.000000', NULL),
	(123, '1313', 'สำนักงานบริการลูกค้า กสท กาฬสินธุ์', 'BUSINESS_AREA', 'null', 'Y', 'null', 'null', 'null', '01182', '1J30139', 'null', 'null', 'null', NULL, 'EPIS0', '2018-11-08 00:00:00.000000', 'EPIS0', '2018-11-08 00:00:00.000000', NULL),
	(124, '1314', 'สำนักงานบริการลูกค้า กสท ยโสธร', 'BUSINESS_AREA', 'null', 'Y', 'null', 'null', 'null', '01183', '1J30126', 'null', 'null', 'null', NULL, 'EPIS0', '2018-11-08 00:00:00.000000', 'EPIS0', '2018-11-08 00:00:00.000000', NULL),
	(125, '1315', 'สำนักงานบริการลูกค้า กสท นครพนม', 'BUSINESS_AREA', 'null', 'Y', 'null', 'null', 'null', '01184', '1J30141', 'null', 'null', 'null', NULL, 'EPIS0', '2018-11-08 00:00:00.000000', 'EPIS0', '2018-11-08 00:00:00.000000', NULL),
	(126, '1316', 'สำนักงานบริการลูกค้า กสท ปากช่อง', 'BUSINESS_AREA', 'null', 'Y', 'null', 'null', 'null', '01185', '1J30121', 'null', 'null', 'null', NULL, 'EPIS0', '2018-11-08 00:00:00.000000', 'EPIS0', '2018-11-08 00:00:00.000000', NULL),
	(127, '1317', 'สำนักงานบริการลูกค้า กสท ชุมแพ', 'BUSINESS_AREA', 'null', 'Y', 'null', 'null', 'null', '01186', '1J30132', 'null', 'null', 'null', NULL, 'EPIS0', '2018-11-08 00:00:00.000000', 'EPIS0', '2018-11-08 00:00:00.000000', NULL),
	(128, '1318', 'สำนักงานบริการลูกค้า กสท อำนาจเจริญ', 'BUSINESS_AREA', 'null', 'Y', 'null', 'null', 'null', '01187', '1J30128', 'null', 'null', 'null', NULL, 'EPIS0', '2018-11-08 00:00:00.000000', 'EPIS0', '2018-11-08 00:00:00.000000', NULL),
	(129, '1319', 'สำนักงานบริการลูกค้า กสท บ้านไผ่', 'BUSINESS_AREA', 'null', 'Y', 'null', 'null', 'null', '01188', '1J30131', 'null', 'null', 'null', NULL, 'EPIS0', '2018-11-08 00:00:00.000000', 'EPIS0', '2018-11-08 00:00:00.000000', NULL),
	(130, '1320', 'สำนักงานบริการลูกค้า กสท นครราชสีมา', 'BUSINESS_AREA', 'null', 'Y', 'null', 'null', 'null', '01223', '1J30120', 'null', 'null', 'null', NULL, 'EPIS0', '2018-11-08 00:00:00.000000', 'EPIS0', '2018-11-08 00:00:00.000000', NULL),
	(131, '1321', 'สำนักงานบริการลูกค้า กสท ขอนแก่น', 'BUSINESS_AREA', 'null', 'Y', 'null', 'null', 'null', '01224', '1J30130', 'null', 'null', 'null', NULL, 'EPIS0', '2018-11-08 00:00:00.000000', 'EPIS0', '2018-11-08 00:00:00.000000', NULL),
	(132, '1322', 'สำนักงานบริการลูกค้า กสท บึงกาฬ', 'BUSINESS_AREA', 'null', 'Y', 'null', 'null', 'null', '01276', '1J30136', 'null', 'null', 'null', NULL, 'EPIS0', '2018-11-08 00:00:00.000000', 'EPIS0', '2018-11-08 00:00:00.000000', NULL),
	(133, '1323', 'สำนักงานบริการลูกค้า กสท หนองบัวลำภู', 'BUSINESS_AREA', 'null', 'Y', 'null', 'null', 'null', '01323', '1J30129', 'null', 'null', 'null', NULL, 'EPIS0', '2018-11-08 00:00:00.000000', 'EPIS0', '2018-11-08 00:00:00.000000', NULL),
	(134, '1324', 'สำนักงานบริการลูกค้า กสท หนองคาย', 'BUSINESS_AREA', 'null', 'Y', 'null', 'null', 'null', '01360', '1J30135', 'null', 'null', 'null', NULL, 'EPIS0', '2018-11-08 00:00:00.000000', 'EPIS0', '2018-11-08 00:00:00.000000', NULL),
	(135, '1325', 'สำนักงานบริการลูกค้า กสท ขอนแก่น', 'BUSINESS_AREA', 'null', 'Y', 'null', 'null', 'null', '01361', '1J30130', 'null', 'null', 'null', NULL, 'EPIS0', '2018-11-08 00:00:00.000000', 'EPIS0', '2018-11-08 00:00:00.000000', NULL),
	(136, '1327', 'สำนักงานบริการลูกค้า กสท แคท ซีดีเอ็มเอ ขอนแก่น', 'BUSINESS_AREA', 'null', 'Y', 'null', 'null', 'null', '01373', '1J30130', 'null', 'null', 'null', NULL, 'EPIS0', '2018-11-08 00:00:00.000000', 'EPIS0', '2018-11-08 00:00:00.000000', NULL),
	(137, '1328', 'สำนักงานบริการลูกค้า กสท อุดรธานี (เซ็นทรัล)', 'BUSINESS_AREA', 'null', 'Y', 'null', 'null', 'null', '01383', '1J30133', 'null', 'null', 'null', NULL, 'EPIS0', '2018-11-08 00:00:00.000000', 'EPIS0', '2018-11-08 00:00:00.000000', NULL),
	(138, '1329', 'สำนักงานบริการลูกค้า กสท อุบลราชธานี (เซ็นทรัล)', 'BUSINESS_AREA', 'null', 'Y', 'null', 'null', 'null', '01390', '1J30125', 'null', 'null', 'null', NULL, 'EPIS0', '2018-11-08 00:00:00.000000', 'EPIS0', '2018-11-08 00:00:00.000000', NULL),
	(139, '1400', 'สำนักงานบริการลูกค้า กสท เขตเหนือ', 'BUSINESS_AREA', 'null', 'Y', 'null', 'null', 'null', '01227', 'null', 'null', 'null', 'null', NULL, 'EPIS0', '2018-11-08 00:00:00.000000', 'EPIS0', '2018-11-08 00:00:00.000000', NULL),
	(140, '1401', 'สำนักงานบริการลูกค้า กสท เชียงราย', 'BUSINESS_AREA', 'null', 'Y', 'null', 'null', 'null', '01154', '1J20129', 'null', 'null', 'null', NULL, 'EPIS0', '2018-11-08 00:00:00.000000', 'EPIS0', '2018-11-08 00:00:00.000000', NULL),
	(141, '1402', 'สำนักงานบริการลูกค้า กสท แพร่', 'BUSINESS_AREA', 'null', 'Y', 'null', 'null', 'null', '01155', '1J20126', 'null', 'null', 'null', NULL, 'EPIS0', '2018-11-08 00:00:00.000000', 'EPIS0', '2018-11-08 00:00:00.000000', NULL),
	(142, '1403', 'สำนักงานบริการลูกค้า กสท น่าน', 'BUSINESS_AREA', 'null', 'Y', 'null', 'null', 'null', '01156', '1J20127', 'null', 'null', 'null', NULL, 'EPIS0', '2018-11-08 00:00:00.000000', 'EPIS0', '2018-11-08 00:00:00.000000', NULL),
	(143, '1404', 'สำนักงานบริการลูกค้า กสท สุโขทัย', 'BUSINESS_AREA', 'null', 'Y', 'null', 'null', 'null', '01157', '1J20136', 'null', 'null', 'null', NULL, 'EPIS0', '2018-11-08 00:00:00.000000', 'EPIS0', '2018-11-08 00:00:00.000000', NULL),
	(144, '1405', 'สำนักงานบริการลูกค้า กสท แม่สอด', 'BUSINESS_AREA', 'null', 'Y', 'null', 'null', 'null', '01158', '1J20135', 'null', 'null', 'null', NULL, 'EPIS0', '2018-11-08 00:00:00.000000', 'EPIS0', '2018-11-08 00:00:00.000000', NULL),
	(145, '1406', 'สำนักงานบริการลูกค้า กสท อุตรดิตถ์', 'BUSINESS_AREA', 'null', 'Y', 'null', 'null', 'null', '01159', '1J20125', 'null', 'null', 'null', NULL, 'EPIS0', '2018-11-08 00:00:00.000000', 'EPIS0', '2018-11-08 00:00:00.000000', NULL),
	(146, '1407', 'สำนักงานบริการลูกค้า กสท ตาก', 'BUSINESS_AREA', 'null', 'Y', 'null', 'null', 'null', '01160', '1J20134', 'null', 'null', 'null', NULL, 'EPIS0', '2018-11-08 00:00:00.000000', 'EPIS0', '2018-11-08 00:00:00.000000', NULL),
	(147, '1408', 'สำนักงานบริการลูกค้า กสท พะเยา', 'BUSINESS_AREA', 'null', 'Y', 'null', 'null', 'null', '01161', '1J20128', 'null', 'null', 'null', NULL, 'EPIS0', '2018-11-08 00:00:00.000000', 'EPIS0', '2018-11-08 00:00:00.000000', NULL),
	(148, '1409', 'สำนักงานบริการลูกค้า กสท ลำพูน', 'BUSINESS_AREA', 'null', 'Y', 'null', 'null', 'null', '01162', '1J20122', 'null', 'null', 'null', NULL, 'EPIS0', '2018-11-08 00:00:00.000000', 'EPIS0', '2018-11-08 00:00:00.000000', NULL),
	(149, '1410', 'สำนักงานบริการลูกค้า กสท สวรรคโลก', 'BUSINESS_AREA', 'null', 'Y', 'null', 'null', 'null', '01163', '1J20137', 'null', 'null', 'null', NULL, 'EPIS0', '2018-11-08 00:00:00.000000', 'EPIS0', '2018-11-08 00:00:00.000000', NULL),
	(150, '1411', 'สำนักงานบริการลูกค้า กสท แม่สาย', 'BUSINESS_AREA', 'null', 'Y', 'null', 'null', 'null', '01164', '1J20130', 'null', 'null', 'null', NULL, 'EPIS0', '2018-11-08 00:00:00.000000', 'EPIS0', '2018-11-08 00:00:00.000000', NULL),
	(151, '1412', 'สำนักงานบริการลูกค้า กสท ฝาง', 'BUSINESS_AREA', 'null', 'Y', 'null', 'null', 'null', '01166', '1J20121', 'null', 'null', 'null', NULL, 'EPIS0', '2018-11-08 00:00:00.000000', 'EPIS0', '2018-11-08 00:00:00.000000', NULL),
	(152, '1413', 'สำนักงานบริการลูกค้า กสท แม่สะเรียง', 'BUSINESS_AREA', 'null', 'Y', 'null', 'null', 'null', '01167', '1J20132', 'null', 'null', 'null', NULL, 'EPIS0', '2018-11-08 00:00:00.000000', 'EPIS0', '2018-11-08 00:00:00.000000', NULL),
	(153, '1414', 'สำนักงานบริการลูกค้า กสท เถิน', 'BUSINESS_AREA', 'null', 'Y', 'null', 'null', 'null', '01168', '1J20124', 'null', 'null', 'null', NULL, 'EPIS0', '2018-11-08 00:00:00.000000', 'EPIS0', '2018-11-08 00:00:00.000000', NULL),
	(154, '1415', 'สำนักงานบริการลูกค้า กสท แม่ฮ่องสอน', 'BUSINESS_AREA', 'null', 'Y', 'null', 'null', 'null', '01169', '1J20131', 'null', 'null', 'null', NULL, 'EPIS0', '2018-11-08 00:00:00.000000', 'EPIS0', '2018-11-08 00:00:00.000000', NULL),
	(155, '1416', 'สำนักงานบริการลูกค้า กสท เชียงใหม่', 'BUSINESS_AREA', 'null', 'Y', 'null', 'null', 'null', '01216', '1J20120', 'null', 'null', 'null', NULL, 'EPIS0', '2018-11-08 00:00:00.000000', 'EPIS0', '2018-11-08 00:00:00.000000', NULL),
	(156, '1417', 'สำนักงานบริการลูกค้า กสท ลำปาง', 'BUSINESS_AREA', 'null', 'Y', 'null', 'null', 'null', '01217', '1J20123', 'null', 'null', 'null', NULL, 'EPIS0', '2018-11-08 00:00:00.000000', 'EPIS0', '2018-11-08 00:00:00.000000', NULL),
	(157, '1418', 'สำนักงานบริการลูกค้า กสท พิษณุโลก', 'BUSINESS_AREA', 'null', 'Y', 'null', 'null', 'null', '01218', '1J20138', 'null', 'null', 'null', NULL, 'EPIS0', '2018-11-08 00:00:00.000000', 'EPIS0', '2018-11-08 00:00:00.000000', NULL),
	(158, '1419', 'สำนักงานบริการลูกค้า กสท แคท ซีดีเอ็มเอ เชียงใหม่', 'BUSINESS_AREA', 'null', 'Y', 'null', 'null', 'null', '01371', '1J20120', 'null', 'null', 'null', NULL, 'EPIS0', '2018-11-08 00:00:00.000000', 'EPIS0', '2018-11-08 00:00:00.000000', NULL),
	(159, '1422', 'สำนักงานบริการลูกค้า กสท ปาย', 'BUSINESS_AREA', 'null', 'Y', 'null', 'null', 'null', '01377', '1J20133', 'null', 'null', 'null', NULL, 'EPIS0', '2018-11-08 00:00:00.000000', 'EPIS0', '2018-11-08 00:00:00.000000', NULL),
	(160, '1424', 'สำนักงานบริการลูกค้า กสท เชียงราย (เซ็นทรัล)', 'BUSINESS_AREA', 'null', 'Y', 'null', 'null', 'null', '01380', '1J20129', 'null', 'null', 'null', NULL, 'EPIS0', '2018-11-08 00:00:00.000000', 'EPIS0', '2018-11-08 00:00:00.000000', NULL),
	(161, '1425', 'สำนักงานบริการลูกค้า กสท พิษณุโลก (เซ็นทรัล)', 'BUSINESS_AREA', 'null', 'Y', 'null', 'null', 'null', '01382', '1J20138', 'null', 'null', 'null', NULL, 'EPIS0', '2018-11-08 00:00:00.000000', 'EPIS0', '2018-11-08 00:00:00.000000', NULL),
	(162, '1426', 'สำนักงานบริการลูกค้า กสท ลำปาง (เซ็นทรัล)', 'BUSINESS_AREA', 'null', 'Y', 'null', 'null', 'null', '01385', '1J20123', 'null', 'null', 'null', NULL, 'EPIS0', '2018-11-08 00:00:00.000000', 'EPIS0', '2018-11-08 00:00:00.000000', NULL),
	(163, '1427', 'สำนักงานบริการลูกค้า กสท เชียงใหม่ (เม-ญ่า เชียงใหม่)', 'BUSINESS_AREA', 'null', 'Y', 'null', 'null', 'null', '01387', '1J20120', 'null', 'null', 'null', NULL, 'EPIS0', '2018-11-08 00:00:00.000000', 'EPIS0', '2018-11-08 00:00:00.000000', NULL),
	(164, '1500', 'สำนักงานบริการลูกค้า กสท เขตใต้', 'BUSINESS_AREA', 'null', 'Y', 'null', 'null', 'null', '01229', 'null', 'null', 'null', 'null', NULL, 'EPIS0', '2018-11-08 00:00:00.000000', 'EPIS0', '2018-11-08 00:00:00.000000', NULL),
	(165, '1501', 'สำนักงานบริการลูกค้า กสท นครศรีธรรมราช', 'BUSINESS_AREA', 'null', 'Y', 'null', 'null', 'null', '01198', '1J10120', 'null', 'null', 'null', NULL, 'EPIS0', '2018-11-08 00:00:00.000000', 'EPIS0', '2018-11-08 00:00:00.000000', NULL),
	(166, '1502', 'สำนักงานบริการลูกค้า กสท ยะลา', 'BUSINESS_AREA', 'null', 'Y', 'null', 'null', 'null', '01199', '1J10135', 'null', 'null', 'null', NULL, 'EPIS0', '2018-11-08 00:00:00.000000', 'EPIS0', '2018-11-08 00:00:00.000000', NULL),
	(167, '1503', 'สำนักงานบริการลูกค้า กสท กระบี่', 'BUSINESS_AREA', 'null', 'Y', 'null', 'null', 'null', '01200', '1J10122', 'null', 'null', 'null', NULL, 'EPIS0', '2018-11-08 00:00:00.000000', 'EPIS0', '2018-11-08 00:00:00.000000', NULL),
	(168, '1504', 'สำนักงานบริการลูกค้า กสท ทุ่งสง', 'BUSINESS_AREA', 'null', 'Y', 'null', 'null', 'null', '01201', '1J10121', 'null', 'null', 'null', NULL, 'EPIS0', '2018-11-08 00:00:00.000000', 'EPIS0', '2018-11-08 00:00:00.000000', NULL),
	(169, '1505', 'สำนักงานบริการลูกค้า กสท นราธิวาส', 'BUSINESS_AREA', 'null', 'Y', 'null', 'null', 'null', '01202', '1J10137', 'null', 'null', 'null', NULL, 'EPIS0', '2018-11-08 00:00:00.000000', 'EPIS0', '2018-11-08 00:00:00.000000', NULL),
	(170, '1506', 'สำนักงานบริการลูกค้า กสท ตรัง', 'BUSINESS_AREA', 'null', 'Y', 'null', 'null', 'null', '01203', '1J10132', 'null', 'null', 'null', NULL, 'EPIS0', '2018-11-08 00:00:00.000000', 'EPIS0', '2018-11-08 00:00:00.000000', NULL),
	(171, '1507', 'สำนักงานบริการลูกค้า กสท เกาะสมุย', 'BUSINESS_AREA', 'null', 'Y', 'null', 'null', 'null', '01205', '1J10128', 'null', 'null', 'null', NULL, 'EPIS0', '2018-11-08 00:00:00.000000', 'EPIS0', '2018-11-08 00:00:00.000000', NULL),
	(172, '1508', 'สำนักงานบริการลูกค้า กสท ตะกั่วป่า', 'BUSINESS_AREA', 'null', 'Y', 'null', 'null', 'null', '01206', '1J10124', 'null', 'null', 'null', NULL, 'EPIS0', '2018-11-08 00:00:00.000000', 'EPIS0', '2018-11-08 00:00:00.000000', NULL),
	(173, '1509', 'สำนักงานบริการลูกค้า กสท สตูล', 'BUSINESS_AREA', 'null', 'Y', 'null', 'null', 'null', '01208', '1J10131', 'null', 'null', 'null', NULL, 'EPIS0', '2018-11-08 00:00:00.000000', 'EPIS0', '2018-11-08 00:00:00.000000', NULL),
	(174, '1510', 'สำนักงานบริการลูกค้า กสท ปัตตานี', 'BUSINESS_AREA', 'null', 'Y', 'null', 'null', 'null', '01209', '1J10134', 'null', 'null', 'null', NULL, 'EPIS0', '2018-11-08 00:00:00.000000', 'EPIS0', '2018-11-08 00:00:00.000000', NULL),
	(175, '1511', 'สำนักงานบริการลูกค้า กสท พัทลุง', 'BUSINESS_AREA', 'null', 'Y', 'null', 'null', 'null', '01211', '1J10133', 'null', 'null', 'null', NULL, 'EPIS0', '2018-11-08 00:00:00.000000', 'EPIS0', '2018-11-08 00:00:00.000000', NULL),
	(176, '1512', 'สำนักงานบริการลูกค้า กสท เบตง', 'BUSINESS_AREA', 'null', 'Y', 'null', 'null', 'null', '01213', '1J10136', 'null', 'null', 'null', NULL, 'EPIS0', '2018-11-08 00:00:00.000000', 'EPIS0', '2018-11-08 00:00:00.000000', NULL),
	(177, '1513', 'สำนักงานบริการลูกค้า กสท พังงา', 'BUSINESS_AREA', 'null', 'Y', 'null', 'null', 'null', '01214', '1J10123', 'null', 'null', 'null', NULL, 'EPIS0', '2018-11-08 00:00:00.000000', 'EPIS0', '2018-11-08 00:00:00.000000', NULL),
	(178, '1000', 'สำนักงานใหญ่', 'BUSINESS_AREA', 'null', 'Y', 'null', 'null', 'null', '00000', 'null', 'null', 'null', 'null', NULL, 'EPIS0', '2018-11-08 00:00:00.000000', 'EPIS0', '2018-11-08 00:00:00.000000', NULL),
	(179, 'null', 'ฝ่ายขายและตลาดสื่อสารไร้สาย', 'BUSINESS_AREA', 'null', 'Y', 'null', 'null', 'null', '00000', '1J60200', 'null', 'null', 'null', NULL, 'EPIS0', '2018-11-08 00:00:00.000000', 'EPIS0', '2018-11-08 00:00:00.000000', NULL),
	(180, '1011', 'สำนักงานใหญ่ ฝ่ายขายและตลาดสื่อสารไร้สาย (ส่วนขาย)', 'BUSINESS_AREA', 'null', 'Y', 'null', 'null', 'null', '00000', '1J60203', 'null', 'null', 'null', NULL, 'EPIS0', '2018-11-08 00:00:00.000000', 'EPIS0', '2018-11-08 00:00:00.000000', NULL),
	(181, '1012', 'สำนักงานใหญ่ ฝ่ายขายและตลาดสื่อสารไร้สาย (ส่วนบริหารคลังสินค้า)', 'BUSINESS_AREA', 'null', 'Y', 'null', 'null', 'null', '00000', '1J60205', 'null', 'null', 'null', NULL, 'EPIS0', '2018-11-08 00:00:00.000000', 'EPIS0', '2018-11-08 00:00:00.000000', NULL),
	(182, 'null', 'ฝ่ายพัฒนาผลิตภัณฑ์โทรศัพท์', 'BUSINESS_AREA', 'null', 'Y', 'null', 'null', 'null', '00000', '1J60100', 'null', 'null', 'null', NULL, 'EPIS0', '2018-11-08 00:00:00.000000', 'EPIS0', '2018-11-08 00:00:00.000000', NULL),
	(183, '1013', 'สำนักงานใหญ่ ฝ่ายพัฒนาผลิตภัณฑ์โทรศัพท์ (ส่วนการตลาดบริการโทรศัพท์)', 'BUSINESS_AREA', 'null', 'Y', 'null', 'null', 'null', '00000', '1J60101', 'null', 'null', 'null', NULL, 'EPIS0', '2018-11-08 00:00:00.000000', 'EPIS0', '2018-11-08 00:00:00.000000', NULL),
	(184, '1014', 'สำนักงานใหญ่ ฝ่ายพัฒนาผลิตภัณฑ์โทรศัพท์ (ส่วนวิเคราะห์ข้อมูลลูกค้าและบริหารคลังสินค้า)', 'BUSINESS_AREA', 'null', 'Y', 'null', 'null', 'null', '00000', '1J60105', 'null', 'null', 'null', NULL, 'EPIS0', '2018-11-08 00:00:00.000000', 'EPIS0', '2018-11-08 00:00:00.000000', NULL),
	(185, '1015', 'สำนักงานใหญ่ ฝ่ายเทคโนโลยีศูนย์ข้อมูล (ส่วนสนับสนุนการตลาด)', 'BUSINESS_AREA', 'null', 'Y', 'null', 'null', 'null', '00000', '1J60500', 'null', 'null', 'null', NULL, 'EPIS0', '2018-11-08 00:00:00.000000', 'EPIS0', '2018-11-08 00:00:00.000000', NULL),
	(186, 'null', 'ฝ่ายบริหารลูกค้า', 'BUSINESS_AREA', 'null', 'Y', 'null', 'null', 'null', '00000', '1J00200', 'null', 'null', 'null', NULL, 'EPIS0', '2018-11-08 00:00:00.000000', 'EPIS0', '2018-11-08 00:00:00.000000', NULL),
	(187, '1100', 'สำนักงานบริการลูกค้า กสท เขตกลาง', 'BUSINESS_AREA', 'null', 'Y', 'null', 'null', 'null', '01230', 'null', 'null', 'null', 'null', NULL, 'EPIS0', '2018-11-08 00:00:00.000000', 'EPIS0', '2018-11-08 00:00:00.000000', NULL),
	(188, '1101', 'สำนักงานบริการลูกค้า กสท พระนครศรีอยุธยา', 'BUSINESS_AREA', 'null', 'Y', 'null', 'null', 'null', '01130', '1J20220', 'null', 'null', 'null', NULL, 'EPIS0', '2018-11-08 00:00:00.000000', 'EPIS0', '2018-11-08 00:00:00.000000', NULL),
	(189, '1102', 'สำนักงานบริการลูกค้า กสท เพชรบูรณ์', 'BUSINESS_AREA', 'null', 'Y', 'null', 'null', 'null', '01134', '1J20233', 'null', 'null', 'null', NULL, 'EPIS0', '2018-11-08 00:00:00.000000', 'EPIS0', '2018-11-08 00:00:00.000000', NULL),
	(190, '1103', 'สำนักงานบริการลูกค้า กสท ลพบุรี', 'BUSINESS_AREA', 'null', 'Y', 'null', 'null', 'null', '01136', '1J20222', 'null', 'null', 'null', NULL, 'EPIS0', '2018-11-08 00:00:00.000000', 'EPIS0', '2018-11-08 00:00:00.000000', NULL),
	(191, '1104', 'สำนักงานบริการลูกค้า กสท สิงห์บุรี', 'BUSINESS_AREA', 'null', 'Y', 'null', 'null', 'null', '01141', '1J20224', 'null', 'null', 'null', NULL, 'EPIS0', '2018-11-08 00:00:00.000000', 'EPIS0', '2018-11-08 00:00:00.000000', NULL),
	(192, '1105', 'สำนักงานบริการลูกค้า กสท พิจิตร', 'BUSINESS_AREA', 'null', 'Y', 'null', 'null', 'null', '01142', '1J20231', 'null', 'null', 'null', NULL, 'EPIS0', '2018-11-08 00:00:00.000000', 'EPIS0', '2018-11-08 00:00:00.000000', NULL),
	(193, '1106', 'สำนักงานบริการลูกค้า กสท ชัยนาท', 'BUSINESS_AREA', 'null', 'Y', 'null', 'null', 'null', '01143', '1J20225', 'null', 'null', 'null', NULL, 'EPIS0', '2018-11-08 00:00:00.000000', 'EPIS0', '2018-11-08 00:00:00.000000', NULL),
	(194, '1107', 'สำนักงานบริการลูกค้า กสท กำแพงเพชร', 'BUSINESS_AREA', 'null', 'Y', 'null', 'null', 'null', '01145', '1J20230', 'null', 'null', 'null', NULL, 'EPIS0', '2018-11-08 00:00:00.000000', 'EPIS0', '2018-11-08 00:00:00.000000', NULL),
	(195, '1108', 'สำนักงานบริการลูกค้า กสท อ่างทอง', 'BUSINESS_AREA', 'null', 'Y', 'null', 'null', 'null', '01147', '1J20221', 'null', 'null', 'null', NULL, 'EPIS0', '2018-11-08 00:00:00.000000', 'EPIS0', '2018-11-08 00:00:00.000000', NULL),
	(196, '1109', 'สำนักงานบริการลูกค้า กสท อุทัยธานี', 'BUSINESS_AREA', 'null', 'Y', 'null', 'null', 'null', '01148', '1J20229', 'null', 'null', 'null', NULL, 'EPIS0', '2018-11-08 00:00:00.000000', 'EPIS0', '2018-11-08 00:00:00.000000', NULL),
	(197, '1110', 'สำนักงานบริการลูกค้า กสท หนองไผ่', 'BUSINESS_AREA', 'null', 'Y', 'null', 'null', 'null', '01149', '1J20235', 'null', 'null', 'null', NULL, 'EPIS0', '2018-11-08 00:00:00.000000', 'EPIS0', '2018-11-08 00:00:00.000000', NULL),
	(198, '1111', 'สำนักงานบริการลูกค้า กสท ตะพานหิน', 'BUSINESS_AREA', 'null', 'Y', 'null', 'null', 'null', '01150', '1J20232', 'null', 'null', 'null', NULL, 'EPIS0', '2018-11-08 00:00:00.000000', 'EPIS0', '2018-11-08 00:00:00.000000', NULL),
	(199, '1112', 'สำนักงานบริการลูกค้า กสท ตาคลี', 'BUSINESS_AREA', 'null', 'Y', 'null', 'null', 'null', '01152', '1J20228', 'null', 'null', 'null', NULL, 'EPIS0', '2018-11-08 00:00:00.000000', 'EPIS0', '2018-11-08 00:00:00.000000', NULL),
	(200, '1113', 'สำนักงานบริการลูกค้า กสท นครสวรรค์', 'BUSINESS_AREA', 'null', 'Y', 'null', 'null', 'null', '01221', '1J20227', 'null', 'null', 'null', NULL, 'EPIS0', '2018-11-08 00:00:00.000000', 'EPIS0', '2018-11-08 00:00:00.000000', NULL),
	(201, '1114', 'สำนักงานบริการลูกค้า กสท สระบุรี', 'BUSINESS_AREA', 'null', 'Y', 'null', 'null', 'null', '01222', '1J20226', 'null', 'null', 'null', NULL, 'EPIS0', '2018-11-08 00:00:00.000000', 'EPIS0', '2018-11-08 00:00:00.000000', NULL),
	(202, '1115', 'สำนักงานบริการลูกค้า กสท หล่มสัก', 'BUSINESS_AREA', 'null', 'Y', 'null', 'null', 'null', '01316', '1J20234', 'null', 'null', 'null', NULL, 'EPIS0', '2018-11-08 00:00:00.000000', 'EPIS0', '2018-11-08 00:00:00.000000', NULL),
	(203, '1116', 'สำนักงานบริการลูกค้า กสท ชัยบาดาล', 'BUSINESS_AREA', 'null', 'Y', 'null', 'null', 'null', '01338', '1J20223', 'null', 'null', 'null', NULL, 'EPIS0', '2018-11-08 00:00:00.000000', 'EPIS0', '2018-11-08 00:00:00.000000', NULL),
	(204, '1117', 'สำนักงานบริการลูกค้า กสท แคท ซีดีแอมเอ นครสวรรค์', 'BUSINESS_AREA', 'null', 'Y', 'null', 'null', 'null', '01375', '1J20227', 'null', 'null', 'null', NULL, 'EPIS0', '2018-11-08 00:00:00.000000', 'EPIS0', '2018-11-08 00:00:00.000000', NULL),
	(205, '1200', 'สำนักงานบริการลูกค้า กสท เขตตะวันออก', 'BUSINESS_AREA', 'null', 'Y', 'null', 'null', 'null', '01228', 'null', 'null', 'null', 'null', NULL, 'EPIS0', '2018-11-08 00:00:00.000000', 'EPIS0', '2018-11-08 00:00:00.000000', NULL),
	(206, '1201', 'สำนักงานบริการลูกค้า กสท ชลบุรี', 'BUSINESS_AREA', 'null', 'Y', 'null', 'null', 'null', '01189', '1J30220', 'null', 'null', 'null', NULL, 'EPIS0', '2018-11-08 00:00:00.000000', 'EPIS0', '2018-11-08 00:00:00.000000', NULL),
	(207, '1202', 'สำนักงานบริการลูกค้า กสท ตราด', 'BUSINESS_AREA', 'null', 'Y', 'null', 'null', 'null', '01190', '1J30228', 'null', 'null', 'null', NULL, 'EPIS0', '2018-11-08 00:00:00.000000', 'EPIS0', '2018-11-08 00:00:00.000000', NULL),
	(208, '1203', 'สำนักงานบริการลูกค้า กสท ระยอง', 'BUSINESS_AREA', 'null', 'Y', 'null', 'null', 'null', '01191', '1J30224', 'null', 'null', 'null', NULL, 'EPIS0', '2018-11-08 00:00:00.000000', 'EPIS0', '2018-11-08 00:00:00.000000', NULL),
	(209, '1204', 'สำนักงานบริการลูกค้า กสท ปราจีนบุรี', 'BUSINESS_AREA', 'null', 'Y', 'null', 'null', 'null', '01192', '1J30230', 'null', 'null', 'null', NULL, 'EPIS0', '2018-11-08 00:00:00.000000', 'EPIS0', '2018-11-08 00:00:00.000000', NULL),
	(210, '1205', 'สำนักงานบริการลูกค้า กสท ฉะเชิงเทรา', 'BUSINESS_AREA', 'null', 'Y', 'null', 'null', 'null', '01193', '1J30229', 'null', 'null', 'null', NULL, 'EPIS0', '2018-11-08 00:00:00.000000', 'EPIS0', '2018-11-08 00:00:00.000000', NULL),
	(211, '1206', 'สำนักงานบริการลูกค้า กสท นครนายก', 'BUSINESS_AREA', 'null', 'Y', 'null', 'null', 'null', '01194', '1J30232', 'null', 'null', 'null', NULL, 'EPIS0', '2018-11-08 00:00:00.000000', 'EPIS0', '2018-11-08 00:00:00.000000', NULL),
	(212, '1207', 'สำนักงานบริการลูกค้า กสท สัตหีบ', 'BUSINESS_AREA', 'null', 'Y', 'null', 'null', 'null', '01195', '1J30221', 'null', 'null', 'null', NULL, 'EPIS0', '2018-11-08 00:00:00.000000', 'EPIS0', '2018-11-08 00:00:00.000000', NULL),
	(213, '1208', 'สำนักงานบริการลูกค้า กสท อรัญประเทศ', 'BUSINESS_AREA', 'null', 'Y', 'null', 'null', 'null', '01196', '1J30234', 'null', 'null', 'null', NULL, 'EPIS0', '2018-11-08 00:00:00.000000', 'EPIS0', '2018-11-08 00:00:00.000000', NULL),
	(214, '1209', 'สำนักงานบริการลูกค้า กสท กบินทร์บุรี', 'BUSINESS_AREA', 'null', 'Y', 'null', 'null', 'null', '01197', '1J30231', 'null', 'null', 'null', NULL, 'EPIS0', '2018-11-08 00:00:00.000000', 'EPIS0', '2018-11-08 00:00:00.000000', NULL),
	(215, '1210', 'สำนักงานบริการลูกค้า กสท พัทยา', 'BUSINESS_AREA', 'null', 'Y', 'null', 'null', 'null', '01215', '1J30223', 'null', 'null', 'null', NULL, 'EPIS0', '2018-11-08 00:00:00.000000', 'EPIS0', '2018-11-08 00:00:00.000000', NULL),
	(216, '1211', 'สำนักงานบริการลูกค้า กสท จันทบุรี', 'BUSINESS_AREA', 'null', 'Y', 'null', 'null', 'null', '01232', '1J30227', 'null', 'null', 'null', NULL, 'EPIS0', '2018-11-08 00:00:00.000000', 'EPIS0', '2018-11-08 00:00:00.000000', NULL),
	(217, '1212', 'สำนักงานบริการลูกค้า กสท แหลมฉบัง', 'BUSINESS_AREA', 'null', 'Y', 'null', 'null', 'null', '01237', '1J30222', 'null', 'null', 'null', NULL, 'EPIS0', '2018-11-08 00:00:00.000000', 'EPIS0', '2018-11-08 00:00:00.000000', NULL),
	(218, '1213', 'สำนักงานบริการลูกค้า กสท มาบตาพุด', 'BUSINESS_AREA', 'null', 'Y', 'null', 'null', 'null', '01246', '1J30226', 'null', 'null', 'null', NULL, 'EPIS0', '2018-11-08 00:00:00.000000', 'EPIS0', '2018-11-08 00:00:00.000000', NULL),
	(219, '1214', 'สำนักงานบริการลูกค้า กสท สระแก้ว', 'BUSINESS_AREA', 'null', 'Y', 'null', 'null', 'null', '01278', '1J30233', 'null', 'null', 'null', NULL, 'EPIS0', '2018-11-08 00:00:00.000000', 'EPIS0', '2018-11-08 00:00:00.000000', NULL),
	(220, '1216', 'สำนักงานบริการลูกค้า กสท ปลวกแดง', 'BUSINESS_AREA', 'null', 'Y', 'null', 'null', 'null', '01381', '1J30225', 'null', 'null', 'null', NULL, 'EPIS0', '2018-11-08 00:00:00.000000', 'EPIS0', '2018-11-08 00:00:00.000000', NULL),
	(221, '1300', 'สำนักงานบริการลูกค้า กสท เขตตะวันออกเฉลียงเหนือ', 'BUSINESS_AREA', 'null', 'Y', 'null', 'null', 'null', '01231', 'null', 'null', 'null', 'null', NULL, 'EPIS0', '2018-11-08 00:00:00.000000', 'EPIS0', '2018-11-08 00:00:00.000000', NULL),
	(222, '1301', 'สำนักงานบริการลูกค้า กสท อุดรธานี', 'BUSINESS_AREA', 'null', 'Y', 'null', 'null', 'null', '01170', '1J30133', 'null', 'null', 'null', NULL, 'EPIS0', '2018-11-08 00:00:00.000000', 'EPIS0', '2018-11-08 00:00:00.000000', NULL),
	(223, '1302', 'สำนักงานบริการลูกค้า กสท สุรินทร์', 'BUSINESS_AREA', 'null', 'Y', 'null', 'null', 'null', '01171', '1J30123', 'null', 'null', 'null', NULL, 'EPIS0', '2018-11-08 00:00:00.000000', 'EPIS0', '2018-11-08 00:00:00.000000', NULL),
	(224, '1303', 'สำนักงานบริการลูกค้า กสท สกลนคร', 'BUSINESS_AREA', 'null', 'Y', 'null', 'null', 'null', '01172', '1J30140', 'null', 'null', 'null', NULL, 'EPIS0', '2018-11-08 00:00:00.000000', 'EPIS0', '2018-11-08 00:00:00.000000', NULL),
	(225, '1304', 'สำนักงานบริการลูกค้า กสท อุบลราชธานี', 'BUSINESS_AREA', 'null', 'Y', 'null', 'null', 'null', '01173', '1J30125', 'null', 'null', 'null', NULL, 'EPIS0', '2018-11-08 00:00:00.000000', 'EPIS0', '2018-11-08 00:00:00.000000', NULL),
	(226, '1305', 'สำนักงานบริการลูกค้า กสท มุกดาหาร', 'BUSINESS_AREA', 'null', 'Y', 'null', 'null', 'null', '01174', '1J30142', 'null', 'null', 'null', NULL, 'EPIS0', '2018-11-08 00:00:00.000000', 'EPIS0', '2018-11-08 00:00:00.000000', NULL);
