INSERT INTO `ROLE` (`id`, `name`) VALUES ('1', 'ADMIN');
INSERT INTO `ROLE` (`id`, `name`) VALUES ('2', 'SUP');
INSERT INTO `ROLE` (`id`, `name`) VALUES ('3', 'USER');

INSERT INTO `USER` (`ID`, `Name`, `SurName`, `Password`, `Username`, `CREATE_BY`, `CREATE_DATE`, `UPDATE_BY`, `UPDATE_DATE`, `LoginFlag`) VALUES (1, 'fname', 'lname', '5f4dcc3b5aa765d61d8327deb882cf99', 'admin', NULL, '2018-06-28 11:45:43.357761', NULL, '0000-00-00 00:00:00.000000', 'N');
INSERT INTO `USER` (`ID`, `Name`, `SurName`, `Password`, `Username`, `CREATE_BY`, `CREATE_DATE`, `UPDATE_BY`, `UPDATE_DATE`, `LoginFlag`) VALUES (2, 'fname1', 'lname2', '5f4dcc3b5aa765d61d8327deb882cf99', 'Epis1', NULL, '2018-06-28 11:45:59.323910', NULL, '0000-00-00 00:00:00.000000', 'Y');
INSERT INTO `USER` (`ID`, `Name`, `SurName`, `Password`, `Username`, `CREATE_BY`, `CREATE_DATE`, `UPDATE_BY`, `UPDATE_DATE`, `LoginFlag`) VALUES (3, 'fname3', 'lname3', '5f4dcc3b5aa765d61d8327deb882cf99', 'Epis11', NULL, '2018-06-28 11:46:08.152196', NULL, '0000-00-00 00:00:00.000000', 'Y');
INSERT INTO `USER` (`ID`, `Name`, `SurName`, `Password`, `Username`, `CREATE_BY`, `CREATE_DATE`, `UPDATE_BY`, `UPDATE_DATE`, `LoginFlag`) VALUES (4, 'fname4', 'lname4', '5f4dcc3b5aa765d61d8327deb882cf99', 'Epis12', NULL, '2018-06-28 11:46:14.200390', NULL, '0000-00-00 00:00:00.000000', 'Y');
INSERT INTO `USER` (`ID`, `Name`, `SurName`, `Password`, `Username`, `CREATE_BY`, `CREATE_DATE`, `UPDATE_BY`, `UPDATE_DATE`, `LoginFlag`) VALUES
	(5, 'EPIS6', 'Agent', '5f4dcc3b5aa765d61d8327deb882cf99', 'EPIS6', NULL, '2018-07-01 16:53:47.381260', NULL, '0000-00-00 00:00:00.000000', 'Y'),
	(6, 'EPIS7', 'GFMIS', '5f4dcc3b5aa765d61d8327deb882cf99', 'EPIS7', NULL, '2018-07-01 16:53:47.392668', NULL, '0000-00-00 00:00:00.000000', 'Y'),
	(7, 'EPIS5', 'Agent', '5f4dcc3b5aa765d61d8327deb882cf99', 'EPIS5', NULL, '2018-07-01 16:53:47.398618', NULL, '0000-00-00 00:00:00.000000', 'Y'),
	(9, 'EPIS3', 'Agent', '5f4dcc3b5aa765d61d8327deb882cf99', 'EPIS3', NULL, '2018-07-01 16:53:47.407548', NULL, '0000-00-00 00:00:00.000000', 'Y'),
	(10, 'EPIS2', 'Supervisor', '5f4dcc3b5aa765d61d8327deb882cf99', 'EPIS2', NULL, '2018-07-01 16:53:47.411019', NULL, '0000-00-00 00:00:00.000000', 'Y'),
	(11, 'preecha', 'Wiengpak', 'e10adc3949ba59abbe56e057f20f883e', 'preechaW', NULL, '2018-07-01 16:53:47.414985', NULL, '0000-00-00 00:00:00.000000', 'Y'),
	(12, 'kun', 'BACK', '5f4dcc3b5aa765d61d8327deb882cf99', 'kunback', NULL, '2018-07-01 16:53:47.418956', NULL, '0000-00-00 00:00:00.000000', 'Y');


INSERT INTO `USER_ROLE` (`user_id`, `role_id`) VALUES ('1', '1');
INSERT INTO `USER_ROLE` (`user_id`, `role_id`) VALUES ('2', '2');
INSERT INTO `USER_ROLE` (`user_id`, `role_id`) VALUES ('3', '3');
INSERT INTO `USER_ROLE` (`user_id`, `role_id`) VALUES ('4', '3');
INSERT INTO `USER_ROLE` (`User_ID`, `Role_ID`) VALUES
	(5, 3),
	(6, 3),
	(7, 3),
	(9, 3),
	(10, 2),
	(11, 3),
	(12, 3);

INSERT INTO `map_gl_service_type` (`ID`, `GL_CODE`, `SERVICE_CODE`, `PRODUCT_CODE`, `PRODUCT_NAME`, `SUB_PRODUCT_CODE`, `SUB_PRODUCT_NAME`, `SERVICE_NAME`, `REVENUE_TYPE_CODE`, `REVENUE_TYPE_NAME`, `SEGMENT_CODE`, `SEGMENT_NAME`, `STATUS`, `SOURCE`, `REMARK`, `CREATE_BY`, `CREATE_DATE`, `UPDATE_BY`, `UPDATE_DATE`, `RECORD_STATUS`) VALUES
	(1, '212121', 'CAT01', '101010001', 'บ.CAT 001', '01', 'บ.CAT 001	', '212121 02 - รด.บริการ-นปท. 01 - บ.CAT 001', '02', 'รด.บริการ-นปท.', '10101', 'IDD', '1', 'OTHER', NULL, 'EPIS0', '2018-10-15 15:27:32.748157', 'EPIS0', '2018-10-15 00:00:00.000000', NULL),
	(2, '000022222', '01234', '102010101', 'บ.CAT FrameLink', '01', 'รด.ค่าใช้ท่อร้อยสาย	', '000022222 02 - รด.บริการ-นปท. 01 - รด.ค่าใช้ท่อร้อยสาย', '02', 'รด.บริการ-นปท.', '10201', 'DATACOM', '1', 'PENALTY_CHARGE', NULL, 'EPIS0', '2018-10-15 15:27:36.255299', 'EPIS0', '2018-10-15 00:00:00.000000', NULL),
	(3, '0021902202', 'my', '104010002', 'บ.my-PREPAID', '02', 'บ.พาดสายบนเสาไฟฟ้า	', 'บริการเติมเงิน my by CAT', '99', 'อื่น', '10401', 'my', '1', 'TOPUP', NULL, 'EPIS00', '2018-10-15 15:27:39.065308', 'EPIS0', '2018-10-15 00:00:00.000000', NULL),
	(4, '111111', 'PEC03', '104080001', 'โครงการเยียวยาฯ', '01', 'รด.ค่าใช้ท่อร้อยสาย	', '111111 01 - รด.บริการ-ใน/รปท. 01 - โครงการเยียวยาฯ ทดสอบทดสอบทดสอบทดสอบทดสอบทดสอบ', '01', 'รด.บริการ-ใน/รปท.', '10408', 'โครงการเยียวยาผู้ใช้บริการฯ', '1', 'PENALTY_CHARGE', NULL, 'EPIS0', '2018-10-15 15:27:44.198088', 'EPIS0', '2018-10-15 00:00:00.000000', NULL),
	(5, '131313', 'EXC01', '102040001', 'บ.Free WiFi (ยกเลิก)', '01', 'Free WiFi (ยกเลิก)	', '131313 05 - รด.บริการบัตร-รปท. 01 - Free WiFi (ยกเลิก)', '05', 'รด.บริการบัตร-รปท.', '10204', 'Free WiFi', '1', 'EXTEND_CHARGE', NULL, 'EPIS0', '2018-10-15 15:27:47.173778', 'EPIS0', '2018-10-15 00:00:00.000000', NULL),
	(6, '000000011', '12345', '101010001', 'บ.CAT 001', '01', 'รด.ค่าใช้ท่อร้อยสาย	', '000000011 01 - รด.บริการ-ใน/รปท. 01 - รด.ค่าใช้ท่อร้อยสาย', '01', 'รด.บริการ-ใน/รปท.', '10101', 'IDD', '1', 'EXTEND_CHARGE', NULL, 'EPIS0', '2018-10-15 15:27:50.137425', 'EPIS0', '2018-10-15 00:00:00.000000', NULL),
	(7, '121212', 'PEC01', '102020005', 'บ.Hinet - Partner', '01', 'บ.HiNet DriveT-Speed	', '121212 11 - รด.ค่าตอบแทนฝากขาย 01 - บ.HiNet DriveT-Speed', '11', 'รด.ค่าตอบแทนฝากขาย', '10202', 'Internet', '1', 'PENALTY_CHARGE', NULL, 'EPIS0', '2018-10-15 15:27:53.627610', 'EPIS0', '2018-10-15 00:00:00.000000', NULL),
	(8, '001', 'OT001', '104049901', 'บ.เกี่ยวฯ-วิทยุฯ', '06', 'บ.วิทยุคมนาคมอื่น	', '001 06 - รด.ค่าติดตั้ง/ซ่อมฯ 06 - บ.วิทยุคมนาคมอื่น', '02', 'รด.บริการ-นปท.', '10404', 'วิทยุคมนาคม', '1', 'OTHER', NULL, 'EPIS0', '2018-10-15 15:27:58.503728', 'EPIS0', '2018-10-15 00:00:00.000000', NULL);
	
INSERT INTO `master_data` (`ID`, `KEYCODE`, `VALUE`, `GROUP_KEY`, `TYPE`, `STATUS`, `ORDERED`, `PARENT_ID`, `REF_ID`, `PROPERTY_1`, `PROPERTY_2`, `PROPERTY_3`, `PROPERTY_4`, `PROPERTY_5`, `REMARK`, `CREATE_BY`, `CREATE_DATE`, `UPDATE_BY`, `UPDATE_DATE`, `RECORD_STATUS`) VALUES
	(1, 'Trigger_MS', '0 * 1 * * ?', 'TriggerGoup', 'null', 'null', 'Master Data', 'null', 'null', 'null', 'null', 'null', 'null', 'null', 'every month', 'null', '2018-05-25 17:00:00', 'null', '2018-05-25 17:00:00', NULL, '1'),
	(2, 'Trigger_GL', '0 * 2 * * ?', 'TriggerGoup', 'null', 'null', 'Map GL', 'null', 'null', 'null', 'null', 'null', 'null', 'null', 'every week', 'null', '2018-05-25 17:00:00', 'null', '2018-05-25 17:00:00', NULL, '1'),
	(3, 'Trigger_User', '0 * 0/1 * * ?', 'TriggerGoup', 'null', 'null', 'Sync User', 'null', 'null', 'null', 'null', 'null', 'null', 'null', 'every day', 'null', '2018-05-25 17:00:00', 'null', '2018-05-25 17:00:00', NULL, '2'),
	(4, 'Trigger_Minus', '0 * 4 * * ?', 'TriggerGoup', 'null', 'null', 'Minus Online', 'null', 'null', 'null', 'null', 'null', 'null', 'null', 'every time', 'null', '2018-05-25 17:00:00', 'null', '2018-05-25 17:00:00', NULL, '1'),
	(5, 'Trigger_Clearing', '0 * 5 * * ?', 'TriggerGoup', 'null', 'null', 'Clearing Cancel', 'null', 'null', 'null', 'null', 'null', 'null', 'null', 'every time', 'null', '2018-05-25 17:00:00', 'null', '2018-05-25 17:00:00', NULL, '1'),
	(6, 'bkk', 'กรุงเทพ', 'BANK_TYPE_EDC', 'null', 'Y', '', 'null', 'null', 'null', 'null', 'null', 'null', 'null', NULL, 'null', '2018-09-15 17:00:00', 'null', '2018-09-15 17:00:00', NULL, NULL),
	(7, 'kkb', 'กสิกรไทย', 'BANK_TYPE_EDC', 'null', 'Y', '', 'null', 'null', 'null', 'null', 'null', 'null', 'null', NULL, 'null', '2018-09-15 17:00:00', 'null', '2018-09-15 17:00:00', NULL, NULL),
	(8, '1', 'ธุรกิจทั่วไป', 'UserGoup', 'null', 'null', 'null', 'null', 'null', 'null', 'null', 'null', 'null', 'null', 'every time', 'null', '2018-05-25 17:00:00', 'null', '2018-05-25 17:00:00', NULL, NULL),
	(9, '2', 'หน่วยงานรัฐ', 'UserGoup', 'null', 'null', 'null', 'null', 'null', 'null', 'null', 'null', 'null', 'null', 'every time', 'null', '2018-05-25 17:00:00', 'null', '2018-05-25 17:00:00', NULL, NULL),
	(10, '3', 'บุคคลทั่วไป', 'UserGoup', 'null', 'null', 'null', 'null', 'null', 'null', 'null', 'null', 'null', 'null', 'every time', 'null', '2018-05-25 17:00:00', 'null', '2018-05-25 17:00:00', NULL, NULL),
	(11, '4', 'Carrier/Operator/NON POTs', 'UserGoup', 'null', 'null', 'null', 'null', 'null', 'null', 'null', 'null', 'null', 'null', 'every time', 'null', '2018-05-25 17:00:00', 'null', '2018-05-25 17:00:00', NULL, NULL),
	(12, '5', 'Mkt.Arm', 'UserGoup', 'null', 'null', 'null', 'null', 'null', 'null', 'null', 'null', 'null', 'null', 'every time', 'null', '2018-05-25 17:00:00', 'null', '2018-05-25 17:00:00', NULL, NULL),
	(13, '6', 'ISP', 'UserGoup', 'null', 'null', 'null', 'null', 'null', 'null', 'null', 'null', 'null', 'null', 'every time', 'null', '2018-05-25 17:00:00', 'null', '2018-05-25 17:00:00', NULL, NULL),
	(14, '7', 'Reseller/Agent', 'UserGoup', 'null', 'null', 'null', 'null', 'null', 'null', 'null', 'null', 'null', 'null', 'every time', 'null', '2018-05-25 17:00:00', 'null', '2018-05-25 17:00:00', NULL, NULL),
	(15, '8', 'ธุรกิจ กสท', 'UserGoup', 'null', 'null', 'null', 'null', 'null', 'null', 'null', 'null', 'null', 'null', 'every time', 'null', '2018-05-25 17:00:00', 'null', '2018-05-25 17:00:00', NULL, NULL),
	(16, '9', 'สถานฑูต/องค์กรระหว่างประเทศ', 'UserGoup', 'null', 'null', 'null', 'null', 'null', 'null', 'null', 'null', 'null', 'null', 'every time', 'null', '2018-05-25 17:00:00', 'null', '2018-05-25 17:00:00', NULL, NULL),
	(240, 'POS', '01', 'INIT_PROJECT', NULL, NULL, NULL, NULL, NULL, NULL, NULL, NULL, NULL, NULL, NULL, NULL, '2020-09-08 07:55:38', NULL, '2020-09-08 07:55:38', NULL, NULL),
	(241, 'POS_NAME', 'SUK-POS01', 'INIT_PROJECT', NULL, NULL, NULL, NULL, NULL, NULL, NULL, NULL, NULL, NULL, NULL, NULL, '2020-09-08 07:55:38', NULL, '2020-09-08 07:55:38', NULL, NULL),
	(242, 'BRANCH_AREA', '1708', 'INIT_PROJECT', NULL, NULL, NULL, NULL, NULL, NULL, NULL, NULL, NULL, NULL, NULL, NULL, '2020-09-08 07:55:38', NULL, '2020-09-08 07:55:38', NULL, NULL),
	(243, 'BRANCH_CODE', '01344', 'INIT_PROJECT', NULL, NULL, NULL, NULL, NULL, NULL, NULL, NULL, NULL, NULL, NULL, NULL, '2020-09-08 07:55:38', NULL, '2020-09-08 07:55:38', NULL, NULL),
	(244, 'TAX_ID_CAT', '0107546000229', 'INIT_PROJECT', NULL, NULL, NULL, NULL, NULL, NULL, NULL, NULL, NULL, NULL, NULL, NULL, '2020-09-08 07:55:38', NULL, '2020-09-08 07:55:38', NULL, NULL),
	(245, 'COST_CENTER', '1J60412', 'INIT_PROJECT', NULL, NULL, NULL, NULL, NULL, NULL, NULL, NULL, NULL, NULL, NULL, NULL, '2020-09-08 07:55:38', NULL, '2020-09-08 07:55:38', NULL, NULL),
	(246, '3TRE_USAGE_CHARGE', '3', 'WT', NULL, NULL, NULL, NULL, NULL, NULL, NULL, NULL, NULL, NULL, NULL, 'EPIS0', '2020-09-07 17:00:00', 'EPIS0', '2020-09-07 17:00:00', NULL, NULL),
	(247, '69BIS_USAGE_CHARGE', '1', 'WT', NULL, NULL, NULL, NULL, NULL, NULL, NULL, NULL, NULL, NULL, NULL, 'EPIS0', '2020-09-07 17:00:00', 'EPIS0', '2020-09-07 17:00:00', NULL, NULL),
	(248, '3TRE_RENTAL_CHARGE', '5', 'WT', NULL, NULL, NULL, NULL, NULL, NULL, NULL, NULL, NULL, NULL, NULL, 'EPIS0', '2020-09-07 17:00:00', 'EPIS0', '2020-09-07 17:00:00', NULL, NULL),
	(249, '69TRI_CHARGE', '1', 'WT', NULL, NULL, NULL, NULL, NULL, NULL, NULL, NULL, NULL, NULL, NULL, 'EPIS0', '2020-09-07 17:00:00', 'EPIS0', '2020-09-07 17:00:00', NULL, NULL),
	(250, '69BIS_RENTAL_CHARGE', '1', 'WT', NULL, NULL, NULL, NULL, NULL, NULL, NULL, NULL, NULL, NULL, NULL, 'EPIS0', '2020-09-07 17:00:00', 'EPIS0', '2020-09-07 17:00:00', NULL, NULL),
	(251, '10101', 'IDD', 'SEGMENT', NULL, NULL, NULL, NULL, NULL, NULL, NULL, NULL, NULL, NULL, NULL, NULL, '2020-09-07 17:00:00', NULL, '2020-09-07 17:00:00', NULL, NULL),
	(252, '10201', 'DATACOM', 'SEGMENT', NULL, NULL, NULL, NULL, NULL, NULL, NULL, NULL, NULL, NULL, NULL, NULL, '2020-09-07 17:00:00', NULL, '2020-09-07 17:00:00', NULL, NULL),
	(253, '10202', 'Internet', 'SEGMENT', NULL, NULL, NULL, NULL, NULL, NULL, NULL, NULL, NULL, NULL, NULL, NULL, '2020-09-07 17:00:00', NULL, '2020-09-07 17:00:00', NULL, NULL),
	(254, '10203', 'VAS', 'SEGMENT', NULL, NULL, NULL, NULL, NULL, NULL, NULL, NULL, NULL, NULL, NULL, NULL, '2020-09-07 17:00:00', NULL, '2020-09-07 17:00:00', NULL, NULL),
	(255, '10204', 'Free WiFi', 'SEGMENT', NULL, NULL, NULL, NULL, NULL, NULL, NULL, NULL, NULL, NULL, NULL, NULL, '2020-09-07 17:00:00', NULL, '2020-09-07 17:00:00', NULL, NULL),
	(256, '10301', 'e-Business', 'SEGMENT', NULL, NULL, NULL, NULL, NULL, NULL, NULL, NULL, NULL, NULL, NULL, NULL, '2020-09-07 17:00:00', NULL, '2020-09-07 17:00:00', NULL, NULL),
	(257, '10302', 'IT Security', 'SEGMENT', NULL, NULL, NULL, NULL, NULL, NULL, NULL, NULL, NULL, NULL, NULL, NULL, '2020-09-07 17:00:00', NULL, '2020-09-07 17:00:00', NULL, NULL),
	(258, '10303', 'Cloud Service', 'SEGMENT', NULL, NULL, NULL, NULL, NULL, NULL, NULL, NULL, NULL, NULL, NULL, NULL, '2020-09-07 17:00:00', NULL, '2020-09-07 17:00:00', NULL, NULL),
	(259, '10304', 'IDC', 'SEGMENT', NULL, NULL, NULL, NULL, NULL, NULL, NULL, NULL, NULL, NULL, NULL, NULL, '2020-09-07 17:00:00', NULL, '2020-09-07 17:00:00', NULL, NULL),
	(260, '10401', 'my', 'SEGMENT', NULL, NULL, NULL, NULL, NULL, NULL, NULL, NULL, NULL, NULL, NULL, NULL, '2020-09-07 17:00:00', NULL, '2020-09-07 17:00:00', NULL, NULL),
	(261, '10402', 'CDMA-ภูมิภาค', 'SEGMENT', NULL, NULL, NULL, NULL, NULL, NULL, NULL, NULL, NULL, NULL, NULL, NULL, '2020-09-07 17:00:00', NULL, '2020-09-07 17:00:00', NULL, NULL),
	(262, '10403', 'HUTCH', 'SEGMENT', NULL, NULL, NULL, NULL, NULL, NULL, NULL, NULL, NULL, NULL, NULL, NULL, '2020-09-07 17:00:00', NULL, '2020-09-07 17:00:00', NULL, NULL),
	(263, '10404', 'วิทยุคมนาคม', 'SEGMENT', NULL, NULL, NULL, NULL, NULL, NULL, NULL, NULL, NULL, NULL, NULL, NULL, '2020-09-07 17:00:00', NULL, '2020-09-07 17:00:00', NULL, NULL),
	(264, '10405', 'วิทยุเรือเดินทะเล', 'SEGMENT', NULL, NULL, NULL, NULL, NULL, NULL, NULL, NULL, NULL, NULL, NULL, NULL, '2020-09-07 17:00:00', NULL, '2020-09-07 17:00:00', NULL, NULL),
	(265, '10406', 'Wholesale', 'SEGMENT', NULL, NULL, NULL, NULL, NULL, NULL, NULL, NULL, NULL, NULL, NULL, NULL, '2020-09-07 17:00:00', NULL, '2020-09-07 17:00:00', NULL, NULL),
	(266, '10407', 'Tower', 'SEGMENT', NULL, NULL, NULL, NULL, NULL, NULL, NULL, NULL, NULL, NULL, NULL, NULL, '2020-09-07 17:00:00', NULL, '2020-09-07 17:00:00', NULL, NULL),
	(267, '10408', 'โครงการเยียวยาผู้ใช้บริการฯ', 'SEGMENT', NULL, NULL, NULL, NULL, NULL, NULL, NULL, NULL, NULL, NULL, NULL, NULL, '2020-09-07 17:00:00', NULL, '2020-09-07 17:00:00', NULL, NULL),
	(268, '18101', 'บริการ USO', 'SEGMENT', NULL, NULL, NULL, NULL, NULL, NULL, NULL, NULL, NULL, NULL, NULL, NULL, '2020-09-07 17:00:00', NULL, '2020-09-07 17:00:00', NULL, NULL),
	(269, '18103', 'Infrastructure', 'SEGMENT', NULL, NULL, NULL, NULL, NULL, NULL, NULL, NULL, NULL, NULL, NULL, NULL, '2020-09-07 17:00:00', NULL, '2020-09-07 17:00:00', NULL, NULL),
	(270, '18104', 'พัฒนาสินทรัพย์-CAT Tower', 'SEGMENT', NULL, NULL, NULL, NULL, NULL, NULL, NULL, NULL, NULL, NULL, NULL, NULL, '2020-09-07 17:00:00', NULL, '2020-09-07 17:00:00', NULL, NULL),
	(271, '18105', 'พัฒนาสินทรัพย์อื่น', 'SEGMENT', NULL, NULL, NULL, NULL, NULL, NULL, NULL, NULL, NULL, NULL, NULL, NULL, '2020-09-07 17:00:00', NULL, '2020-09-07 17:00:00', NULL, NULL),
	(272, '18106', 'นอกจากพัฒนาสินทรัพย์', 'SEGMENT', NULL, NULL, NULL, NULL, NULL, NULL, NULL, NULL, NULL, NULL, NULL, NULL, '2020-09-07 17:00:00', NULL, '2020-09-07 17:00:00', NULL, NULL),
	(273, '18107', 'ดอกเบี้ยรับ', 'SEGMENT', NULL, NULL, NULL, NULL, NULL, NULL, NULL, NULL, NULL, NULL, NULL, NULL, '2020-09-07 17:00:00', NULL, '2020-09-07 17:00:00', NULL, NULL),
	(274, '18109', 'CAT Shop (บง.ไม่ได้ใช้)', 'SEGMENT', NULL, NULL, NULL, NULL, NULL, NULL, NULL, NULL, NULL, NULL, NULL, NULL, '2020-09-07 17:00:00', NULL, '2020-09-07 17:00:00', NULL, NULL),
	(275, '19101', 'สัมปทาน/ร่วมการงาน', 'SEGMENT', NULL, NULL, NULL, NULL, NULL, NULL, NULL, NULL, NULL, NULL, NULL, NULL, '2020-09-07 17:00:00', NULL, '2020-09-07 17:00:00', NULL, NULL),
	(276, '19201', 'ไม่สามารถระบุกลุ่มบริการได้', 'SEGMENT', NULL, NULL, NULL, NULL, NULL, NULL, NULL, NULL, NULL, NULL, NULL, NULL, '2020-09-07 17:00:00', NULL, '2020-09-07 17:00:00', NULL, NULL),
	(277, '19202', 'รายได้/ค่าใช้จ่ายอื่น', 'SEGMENT', NULL, NULL, NULL, NULL, NULL, NULL, NULL, NULL, NULL, NULL, NULL, NULL, '2020-09-07 17:00:00', NULL, '2020-09-07 17:00:00', NULL, NULL),
	(278, '19301', 'สินทรัพย์ถาวร', 'SEGMENT', NULL, NULL, NULL, NULL, NULL, NULL, NULL, NULL, NULL, NULL, NULL, NULL, '2020-09-07 17:00:00', NULL, '2020-09-07 17:00:00', NULL, NULL),
	(279, '19302', 'วัสดุคงคลัง', 'SEGMENT', NULL, NULL, NULL, NULL, NULL, NULL, NULL, NULL, NULL, NULL, NULL, NULL, '2020-09-07 17:00:00', NULL, '2020-09-07 17:00:00', NULL, NULL),
	(280, '19303', 'เงินเดือน', 'SEGMENT', NULL, NULL, NULL, NULL, NULL, NULL, NULL, NULL, NULL, NULL, NULL, NULL, '2020-09-07 17:00:00', NULL, '2020-09-07 17:00:00', NULL, NULL),
	(281, '19901', 'รอปรับปรุงรายการ Interface (AR)', 'SEGMENT', NULL, NULL, NULL, NULL, NULL, NULL, NULL, NULL, NULL, NULL, NULL, NULL, '2020-09-07 17:00:00', NULL, '2020-09-07 17:00:00', NULL, NULL),
	(282, '19990', 'กองทุนบำเหน็จฯ', 'SEGMENT', NULL, NULL, NULL, NULL, NULL, NULL, NULL, NULL, NULL, NULL, NULL, NULL, '2020-09-07 17:00:00', NULL, '2020-09-07 17:00:00', NULL, NULL),
	(283, 'NONE', 'ไม่มีเซกเมนต์ ไม่สามารถบันทึกรายการได้', 'SEGMENT', NULL, NULL, NULL, NULL, NULL, NULL, NULL, NULL, NULL, NULL, NULL, NULL, '2020-09-07 17:00:00', NULL, '2020-09-07 17:00:00', NULL, NULL),
	(284, '3TRE_AVERAGE_CHARGE', '3', 'WT', NULL, NULL, NULL, NULL, NULL, NULL, NULL, NULL, NULL, NULL, NULL, 'EPIS00', '2020-09-07 17:00:00', 'EPIS00', '2020-09-07 17:00:00', NULL, NULL),
	(285, '69BIS_AVERAGE_CHARGE', '1', 'WT', NULL, NULL, NULL, NULL, NULL, NULL, NULL, NULL, NULL, NULL, NULL, 'EPIS0', '2020-09-07 17:00:00', 'EPIS0', '2020-09-07 17:00:00', NULL, NULL),
	(286, '192020407', 'รด.อื่น-Tower', 'PRODUCT', NULL, NULL, NULL, NULL, NULL, NULL, NULL, NULL, NULL, NULL, NULL, NULL, '2020-09-07 17:00:00', NULL, '2020-09-07 17:00:00', NULL, NULL),
	(287, '192028101', 'รด.อื่น-บ.USO', 'PRODUCT', NULL, NULL, NULL, NULL, NULL, NULL, NULL, NULL, NULL, NULL, NULL, NULL, '2020-09-07 17:00:00', NULL, '2020-09-07 17:00:00', NULL, NULL),
	(288, '192028103', 'รด.อื่น-Infrastruc', 'PRODUCT', NULL, NULL, NULL, NULL, NULL, NULL, NULL, NULL, NULL, NULL, NULL, NULL, '2020-09-07 17:00:00', NULL, '2020-09-07 17:00:00', NULL, NULL),
	(289, '192028104', 'รด.อื่นพัฒฯCAT Tower', 'PRODUCT', NULL, NULL, NULL, NULL, NULL, NULL, NULL, NULL, NULL, NULL, NULL, NULL, '2020-09-07 17:00:00', NULL, '2020-09-07 17:00:00', NULL, NULL),
	(290, '192028105', 'รด.อื่น-พัฒนาส/ทอื่น', 'PRODUCT', NULL, NULL, NULL, NULL, NULL, NULL, NULL, NULL, NULL, NULL, NULL, NULL, '2020-09-07 17:00:00', NULL, '2020-09-07 17:00:00', NULL, NULL),
	(291, '192028106', 'รด.อื่น-นอกพัฒนาส/ท', 'PRODUCT', NULL, NULL, NULL, NULL, NULL, NULL, NULL, NULL, NULL, NULL, NULL, NULL, '2020-09-07 17:00:00', NULL, '2020-09-07 17:00:00', NULL, NULL),
	(292, '199010001', 'รอปป.Interface', 'PRODUCT', NULL, NULL, NULL, NULL, NULL, NULL, NULL, NULL, NULL, NULL, NULL, NULL, '2020-09-07 17:00:00', NULL, '2020-09-07 17:00:00', NULL, NULL),
	(293, '199900001', 'กองทุนบำเหน็จฯ', 'PRODUCT', NULL, NULL, NULL, NULL, NULL, NULL, NULL, NULL, NULL, NULL, NULL, NULL, '2020-09-07 17:00:00', NULL, '2020-09-07 17:00:00', NULL, NULL),
	(294, '199990000', 'ไม่ระบุผลิตภัณฑ์', 'PRODUCT', NULL, NULL, NULL, NULL, NULL, NULL, NULL, NULL, NULL, NULL, NULL, NULL, '2020-09-07 17:00:00', NULL, '2020-09-07 17:00:00', NULL, NULL),
	(295, '1', 'นิติบุคคล', 'CUSTOMER_SEGMENT', NULL, NULL, NULL, NULL, NULL, '5', 'Business', 'Mkt.Arm', '1134', '3TRE_AVERAGE_CHARGE', NULL, 'EPIS0', '2020-09-07 17:00:00', 'EPIS0', '2020-09-07 17:00:00', NULL, NULL),
	(296, '1', 'นิติบุคคล', 'CUSTOMER_SEGMENT', NULL, NULL, NULL, NULL, NULL, '6', 'Business', 'ISP', '1134', '3TRE_AVERAGE_CHARGE', NULL, 'EPIS0', '2020-09-07 17:00:00', 'EPIS0', '2020-09-07 17:00:00', NULL, NULL),
	(297, '69TRI_AVERAGE_CHARGE', '1', 'WT', NULL, NULL, NULL, NULL, NULL, NULL, NULL, NULL, NULL, NULL, NULL, 'EPIS0', '2020-09-07 17:00:00', 'EPIS0', '2020-09-07 17:00:00', NULL, NULL),
	(298, '102034100', 'บ. VAS-ส.โทรฯ', 'PRODUCT', NULL, NULL, NULL, NULL, NULL, NULL, NULL, NULL, NULL, NULL, NULL, NULL, '2020-09-07 17:00:00', NULL, '2020-09-07 17:00:00', NULL, NULL),
	(299, '102039901', 'บ.โทรฯเกี่ยวฯ-VAS', 'PRODUCT', NULL, NULL, NULL, NULL, NULL, NULL, NULL, NULL, NULL, NULL, NULL, NULL, '2020-09-07 17:00:00', NULL, '2020-09-07 17:00:00', NULL, NULL),
	(300, '102040001', 'เลิก-บ.Free WiFi', 'PRODUCT', NULL, NULL, NULL, NULL, NULL, NULL, NULL, NULL, NULL, NULL, NULL, NULL, '2020-09-07 17:00:00', NULL, '2020-09-07 17:00:00', NULL, NULL),
	(301, '103010001', 'บ.e-Auction-ภาครัฐ', 'PRODUCT', NULL, NULL, NULL, NULL, NULL, NULL, NULL, NULL, NULL, NULL, NULL, NULL, '2020-09-07 17:00:00', NULL, '2020-09-07 17:00:00', NULL, NULL),
	(302, '103010002', 'บ.e-Auction-ภาคเอกชน', 'PRODUCT', NULL, NULL, NULL, NULL, NULL, NULL, NULL, NULL, NULL, NULL, NULL, NULL, '2020-09-07 17:00:00', NULL, '2020-09-07 17:00:00', NULL, NULL),
	(303, '103010003', 'บ.CAT Conference', 'PRODUCT', NULL, NULL, NULL, NULL, NULL, NULL, NULL, NULL, NULL, NULL, NULL, NULL, '2020-09-07 17:00:00', NULL, '2020-09-07 17:00:00', NULL, NULL),
	(304, '103010004', 'บ.MPOS', 'PRODUCT', NULL, NULL, NULL, NULL, NULL, NULL, NULL, NULL, NULL, NULL, NULL, NULL, '2020-09-07 17:00:00', NULL, '2020-09-07 17:00:00', NULL, NULL),
	(305, '103010005', 'บ.e-Shopping', 'PRODUCT', NULL, NULL, NULL, NULL, NULL, NULL, NULL, NULL, NULL, NULL, NULL, NULL, '2020-09-07 17:00:00', NULL, '2020-09-07 17:00:00', NULL, NULL),
	(306, '103010006', 'บ.e-Catalogue', 'PRODUCT', NULL, NULL, NULL, NULL, NULL, NULL, NULL, NULL, NULL, NULL, NULL, NULL, '2020-09-07 17:00:00', NULL, '2020-09-07 17:00:00', NULL, NULL),
	(307, '103010007', 'บ.CAT e-Office', 'PRODUCT', NULL, NULL, NULL, NULL, NULL, NULL, NULL, NULL, NULL, NULL, NULL, NULL, '2020-09-07 17:00:00', NULL, '2020-09-07 17:00:00', NULL, NULL),
	(308, '103010008', 'เลิก-บ.e-Mail ภาครัฐ', 'PRODUCT', NULL, NULL, NULL, NULL, NULL, NULL, NULL, NULL, NULL, NULL, NULL, NULL, '2020-09-07 17:00:00', NULL, '2020-09-07 17:00:00', NULL, NULL),
	(309, '103010009', 'เลิก-บ.e-Mail- host', 'PRODUCT', NULL, NULL, NULL, NULL, NULL, NULL, NULL, NULL, NULL, NULL, NULL, NULL, '2020-09-07 17:00:00', NULL, '2020-09-07 17:00:00', NULL, NULL),
	(310, '103010010', 'บ.CAT Webhard', 'PRODUCT', NULL, NULL, NULL, NULL, NULL, NULL, NULL, NULL, NULL, NULL, NULL, NULL, '2020-09-07 17:00:00', NULL, '2020-09-07 17:00:00', NULL, NULL),
	(311, '103010011', 'บ.e-Learning', 'PRODUCT', NULL, NULL, NULL, NULL, NULL, NULL, NULL, NULL, NULL, NULL, NULL, NULL, '2020-09-07 17:00:00', NULL, '2020-09-07 17:00:00', NULL, NULL),
	(312, '103010012', 'บ.e- Government', 'PRODUCT', NULL, NULL, NULL, NULL, NULL, NULL, NULL, NULL, NULL, NULL, NULL, NULL, '2020-09-07 17:00:00', NULL, '2020-09-07 17:00:00', NULL, NULL),
	(313, '103010013', 'บ.Web Portal', 'PRODUCT', NULL, NULL, NULL, NULL, NULL, NULL, NULL, NULL, NULL, NULL, NULL, NULL, '2020-09-07 17:00:00', NULL, '2020-09-07 17:00:00', NULL, NULL),
	(314, '103010014', 'บ.e-Smart Farm', 'PRODUCT', NULL, NULL, NULL, NULL, NULL, NULL, NULL, NULL, NULL, NULL, NULL, NULL, '2020-09-07 17:00:00', NULL, '2020-09-07 17:00:00', NULL, NULL),
	(315, '103010015', 'บ.CAT e-Exhibition', 'PRODUCT', NULL, NULL, NULL, NULL, NULL, NULL, NULL, NULL, NULL, NULL, NULL, NULL, '2020-09-07 17:00:00', NULL, '2020-09-07 17:00:00', NULL, NULL),
	(316, '103010016', 'บ.CATe-Entertainment', 'PRODUCT', NULL, NULL, NULL, NULL, NULL, NULL, NULL, NULL, NULL, NULL, NULL, NULL, '2020-09-07 17:00:00', NULL, '2020-09-07 17:00:00', NULL, NULL),
	(317, '103010017', 'บ.CAT Supply Chain V', 'PRODUCT', NULL, NULL, NULL, NULL, NULL, NULL, NULL, NULL, NULL, NULL, NULL, NULL, '2020-09-07 17:00:00', NULL, '2020-09-07 17:00:00', NULL, NULL),
	(318, '103010018', 'เลิก-บ.e-Traceabilit', 'PRODUCT', NULL, NULL, NULL, NULL, NULL, NULL, NULL, NULL, NULL, NULL, NULL, NULL, '2020-09-07 17:00:00', NULL, '2020-09-07 17:00:00', NULL, NULL),
	(319, '103010019', 'บ.ESI', 'PRODUCT', NULL, NULL, NULL, NULL, NULL, NULL, NULL, NULL, NULL, NULL, NULL, NULL, '2020-09-07 17:00:00', NULL, '2020-09-07 17:00:00', NULL, NULL),
	(320, '103010020', 'บ.CAT e-Tax Incentiv', 'PRODUCT', NULL, NULL, NULL, NULL, NULL, NULL, NULL, NULL, NULL, NULL, NULL, NULL, '2020-09-07 17:00:00', NULL, '2020-09-07 17:00:00', NULL, NULL),
	(321, '103010021', 'บ.CAT EDI', 'PRODUCT', NULL, NULL, NULL, NULL, NULL, NULL, NULL, NULL, NULL, NULL, NULL, NULL, '2020-09-07 17:00:00', NULL, '2020-09-07 17:00:00', NULL, NULL),
	(322, '103010022', 'บ.CAT4SMS Postpaid', 'PRODUCT', NULL, NULL, NULL, NULL, NULL, NULL, NULL, NULL, NULL, NULL, NULL, NULL, '2020-09-07 17:00:00', NULL, '2020-09-07 17:00:00', NULL, NULL),
	(323, '103010023', 'บ.CAT4SMS Prepaid', 'PRODUCT', NULL, NULL, NULL, NULL, NULL, NULL, NULL, NULL, NULL, NULL, NULL, NULL, '2020-09-07 17:00:00', NULL, '2020-09-07 17:00:00', NULL, NULL),
	(324, '103010024', 'บ.CAT Clever', 'PRODUCT', NULL, NULL, NULL, NULL, NULL, NULL, NULL, NULL, NULL, NULL, NULL, NULL, '2020-09-07 17:00:00', NULL, '2020-09-07 17:00:00', NULL, NULL),
	(325, '103010025', 'บ.CAT my Station', 'PRODUCT', NULL, NULL, NULL, NULL, NULL, NULL, NULL, NULL, NULL, NULL, NULL, NULL, '2020-09-07 17:00:00', NULL, '2020-09-07 17:00:00', NULL, NULL),
	(326, '103010026', 'บ.Web Casting', 'PRODUCT', NULL, NULL, NULL, NULL, NULL, NULL, NULL, NULL, NULL, NULL, NULL, NULL, '2020-09-07 17:00:00', NULL, '2020-09-07 17:00:00', NULL, NULL),
	(327, '103010027', 'บ.VIDEO Conference', 'PRODUCT', NULL, NULL, NULL, NULL, NULL, NULL, NULL, NULL, NULL, NULL, NULL, NULL, '2020-09-07 17:00:00', NULL, '2020-09-07 17:00:00', NULL, NULL),
	(328, '103010028', 'บ.Telepresence', 'PRODUCT', NULL, NULL, NULL, NULL, NULL, NULL, NULL, NULL, NULL, NULL, NULL, NULL, '2020-09-07 17:00:00', NULL, '2020-09-07 17:00:00', NULL, NULL),
	(329, '103010029', 'บ.CAT Private chat', 'PRODUCT', NULL, NULL, NULL, NULL, NULL, NULL, NULL, NULL, NULL, NULL, NULL, NULL, '2020-09-07 17:00:00', NULL, '2020-09-07 17:00:00', NULL, NULL),
	(330, '103010030', 'บ.CAT e-form', 'PRODUCT', NULL, NULL, NULL, NULL, NULL, NULL, NULL, NULL, NULL, NULL, NULL, NULL, '2020-09-07 17:00:00', NULL, '2020-09-07 17:00:00', NULL, NULL),
	(331, '103010031', 'บ.Govermen-e-catalog', 'PRODUCT', NULL, NULL, NULL, NULL, NULL, NULL, NULL, NULL, NULL, NULL, NULL, NULL, '2020-09-07 17:00:00', NULL, '2020-09-07 17:00:00', NULL, NULL),
	(332, '103010032', 'บ.IGET POS', 'PRODUCT', NULL, NULL, NULL, NULL, NULL, NULL, NULL, NULL, NULL, NULL, NULL, NULL, '2020-09-07 17:00:00', NULL, '2020-09-07 17:00:00', NULL, NULL),
	(333, '103010033', 'บ.ใบรับรองอิเลคฯ(CA)', 'PRODUCT', NULL, NULL, NULL, NULL, NULL, NULL, NULL, NULL, NULL, NULL, NULL, NULL, '2020-09-07 17:00:00', NULL, '2020-09-07 17:00:00', NULL, NULL),
	(334, '103014000', 'เลิก-บ.e-Bu-ส.Non', 'PRODUCT', NULL, NULL, NULL, NULL, NULL, NULL, NULL, NULL, NULL, NULL, NULL, NULL, '2020-09-07 17:00:00', NULL, '2020-09-07 17:00:00', NULL, NULL),
	(335, '103014100', 'บ.e-Bus.-ส.โทรฯ', 'PRODUCT', NULL, NULL, NULL, NULL, NULL, NULL, NULL, NULL, NULL, NULL, NULL, NULL, '2020-09-07 17:00:00', NULL, '2020-09-07 17:00:00', NULL, NULL),
	(336, '103019901', 'บ.เกี่ยวฯ-e-Busi', 'PRODUCT', NULL, NULL, NULL, NULL, NULL, NULL, NULL, NULL, NULL, NULL, NULL, NULL, '2020-09-07 17:00:00', NULL, '2020-09-07 17:00:00', NULL, NULL),
	(337, '103020101', 'บ.IT Risk Assessment', 'PRODUCT', NULL, NULL, NULL, NULL, NULL, NULL, NULL, NULL, NULL, NULL, NULL, NULL, '2020-09-07 17:00:00', NULL, '2020-09-07 17:00:00', NULL, NULL),
	(338, '103020102', 'บ.SSI', 'PRODUCT', NULL, NULL, NULL, NULL, NULL, NULL, NULL, NULL, NULL, NULL, NULL, NULL, '2020-09-07 17:00:00', NULL, '2020-09-07 17:00:00', NULL, NULL),
	(339, '103020103', 'บ.CCTV Solution', 'PRODUCT', NULL, NULL, NULL, NULL, NULL, NULL, NULL, NULL, NULL, NULL, NULL, NULL, '2020-09-07 17:00:00', NULL, '2020-09-07 17:00:00', NULL, NULL),
	(340, '103020201', 'บ.EMAIL SECURITY', 'PRODUCT', NULL, NULL, NULL, NULL, NULL, NULL, NULL, NULL, NULL, NULL, NULL, NULL, '2020-09-07 17:00:00', NULL, '2020-09-07 17:00:00', NULL, NULL),
	(341, '103020202', 'เลิก-บ.Secure Mail', 'PRODUCT', NULL, NULL, NULL, NULL, NULL, NULL, NULL, NULL, NULL, NULL, NULL, NULL, '2020-09-07 17:00:00', NULL, '2020-09-07 17:00:00', NULL, NULL),
	(342, '103020203', 'เลิก-บ. Web Security', 'PRODUCT', NULL, NULL, NULL, NULL, NULL, NULL, NULL, NULL, NULL, NULL, NULL, NULL, '2020-09-07 17:00:00', NULL, '2020-09-07 17:00:00', NULL, NULL),
	(343, '103020204', 'บ.All@Secure', 'PRODUCT', NULL, NULL, NULL, NULL, NULL, NULL, NULL, NULL, NULL, NULL, NULL, NULL, '2020-09-07 17:00:00', NULL, '2020-09-07 17:00:00', NULL, NULL),
	(344, '103020205', 'บ.Web App Firewall', 'PRODUCT', NULL, NULL, NULL, NULL, NULL, NULL, NULL, NULL, NULL, NULL, NULL, NULL, '2020-09-07 17:00:00', NULL, '2020-09-07 17:00:00', NULL, NULL),
	(345, '103020206', 'บ.Anti-Virus onCloud', 'PRODUCT', NULL, NULL, NULL, NULL, NULL, NULL, NULL, NULL, NULL, NULL, NULL, NULL, '2020-09-07 17:00:00', NULL, '2020-09-07 17:00:00', NULL, NULL),
	(346, '103020301', 'บ.SLM', 'PRODUCT', NULL, NULL, NULL, NULL, NULL, NULL, NULL, NULL, NULL, NULL, NULL, NULL, '2020-09-07 17:00:00', NULL, '2020-09-07 17:00:00', NULL, NULL),
	(347, '103020302', 'เลิก-บ. Smart Log', 'PRODUCT', NULL, NULL, NULL, NULL, NULL, NULL, NULL, NULL, NULL, NULL, NULL, NULL, '2020-09-07 17:00:00', NULL, '2020-09-07 17:00:00', NULL, NULL),
	(348, '103020401', 'บ.MSS', 'PRODUCT', NULL, NULL, NULL, NULL, NULL, NULL, NULL, NULL, NULL, NULL, NULL, NULL, '2020-09-07 17:00:00', NULL, '2020-09-07 17:00:00', NULL, NULL),
	(349, '103020501', 'บ.Security Standard', 'PRODUCT', NULL, NULL, NULL, NULL, NULL, NULL, NULL, NULL, NULL, NULL, NULL, NULL, '2020-09-07 17:00:00', NULL, '2020-09-07 17:00:00', NULL, NULL),
	(350, '103020502', 'บ.BCM Consulting', 'PRODUCT', NULL, NULL, NULL, NULL, NULL, NULL, NULL, NULL, NULL, NULL, NULL, NULL, '2020-09-07 17:00:00', NULL, '2020-09-07 17:00:00', NULL, NULL),
	(351, '103020503', 'บ.IT Pro Training', 'PRODUCT', NULL, NULL, NULL, NULL, NULL, NULL, NULL, NULL, NULL, NULL, NULL, NULL, '2020-09-07 17:00:00', NULL, '2020-09-07 17:00:00', NULL, NULL),
	(352, '103024000', 'เลิก-บ.IT Se-ส.Non', 'PRODUCT', NULL, NULL, NULL, NULL, NULL, NULL, NULL, NULL, NULL, NULL, NULL, NULL, '2020-09-07 17:00:00', NULL, '2020-09-07 17:00:00', NULL, NULL),
	(353, '103024100', 'บ.IT Sec.-ส.โทรฯ', 'PRODUCT', NULL, NULL, NULL, NULL, NULL, NULL, NULL, NULL, NULL, NULL, NULL, NULL, '2020-09-07 17:00:00', NULL, '2020-09-07 17:00:00', NULL, NULL),
	(354, '103029901', 'บ.เกี่ยวฯ-IT Sec', 'PRODUCT', NULL, NULL, NULL, NULL, NULL, NULL, NULL, NULL, NULL, NULL, NULL, NULL, '2020-09-07 17:00:00', NULL, '2020-09-07 17:00:00', NULL, NULL),
	(355, '103030001', 'บ.Cloud Service', 'PRODUCT', NULL, NULL, NULL, NULL, NULL, NULL, NULL, NULL, NULL, NULL, NULL, NULL, '2020-09-07 17:00:00', NULL, '2020-09-07 17:00:00', NULL, NULL),
	(356, '103040001', 'บ.DATA Center (IDC)', 'PRODUCT', NULL, NULL, NULL, NULL, NULL, NULL, NULL, NULL, NULL, NULL, NULL, NULL, '2020-09-07 17:00:00', NULL, '2020-09-07 17:00:00', NULL, NULL),
	(357, '103040002', 'บ.DATA Center (FM)', 'PRODUCT', NULL, NULL, NULL, NULL, NULL, NULL, NULL, NULL, NULL, NULL, NULL, NULL, '2020-09-07 17:00:00', NULL, '2020-09-07 17:00:00', NULL, NULL),
	(358, '103040003', 'เลิก-บ.ใบรับรองฯ(CA)', 'PRODUCT', NULL, NULL, NULL, NULL, NULL, NULL, NULL, NULL, NULL, NULL, NULL, NULL, '2020-09-07 17:00:00', NULL, '2020-09-07 17:00:00', NULL, NULL),
	(359, '104010001', 'บ.my-POSTPAID', 'PRODUCT', NULL, NULL, NULL, NULL, NULL, NULL, NULL, NULL, NULL, NULL, NULL, NULL, '2020-09-07 17:00:00', NULL, '2020-09-07 17:00:00', NULL, NULL),
	(360, '104010002', 'บ.my-PREPAID', 'PRODUCT', NULL, NULL, NULL, NULL, NULL, NULL, NULL, NULL, NULL, NULL, NULL, NULL, '2020-09-07 17:00:00', NULL, '2020-09-07 17:00:00', NULL, NULL),
	(361, '104010003', 'เลิก-บ.IC-my', 'PRODUCT', NULL, NULL, NULL, NULL, NULL, NULL, NULL, NULL, NULL, NULL, NULL, NULL, '2020-09-07 17:00:00', NULL, '2020-09-07 17:00:00', NULL, NULL),
	(362, '104010004', 'เลิก-บ.โทรฯขายส่ง', 'PRODUCT', NULL, NULL, NULL, NULL, NULL, NULL, NULL, NULL, NULL, NULL, NULL, NULL, '2020-09-07 17:00:00', NULL, '2020-09-07 17:00:00', NULL, NULL),
	(363, '104010005', 'HSPA Infrastructure', 'PRODUCT', NULL, NULL, NULL, NULL, NULL, NULL, NULL, NULL, NULL, NULL, NULL, NULL, '2020-09-07 17:00:00', NULL, '2020-09-07 17:00:00', NULL, NULL),
	(364, '104010006', 'เลิก-บ.Roaming 3G', 'PRODUCT', NULL, NULL, NULL, NULL, NULL, NULL, NULL, NULL, NULL, NULL, NULL, NULL, '2020-09-07 17:00:00', NULL, '2020-09-07 17:00:00', NULL, NULL),
	(365, '104010007', 'บ. IC-my-Transit', 'PRODUCT', NULL, NULL, NULL, NULL, NULL, NULL, NULL, NULL, NULL, NULL, NULL, NULL, '2020-09-07 17:00:00', NULL, '2020-09-07 17:00:00', NULL, NULL),
	(366, '104010008', 'บ. IC-my-Origination', 'PRODUCT', NULL, NULL, NULL, NULL, NULL, NULL, NULL, NULL, NULL, NULL, NULL, NULL, '2020-09-07 17:00:00', NULL, '2020-09-07 17:00:00', NULL, NULL),
	(367, '104010009', 'บ. IC-my-Termination', 'PRODUCT', NULL, NULL, NULL, NULL, NULL, NULL, NULL, NULL, NULL, NULL, NULL, NULL, '2020-09-07 17:00:00', NULL, '2020-09-07 17:00:00', NULL, NULL),
	(368, '104010010', 'บ. IC-my-SMS', 'PRODUCT', NULL, NULL, NULL, NULL, NULL, NULL, NULL, NULL, NULL, NULL, NULL, NULL, '2020-09-07 17:00:00', NULL, '2020-09-07 17:00:00', NULL, NULL),
	(369, '104010011', 'บ.ค่าดำเนินการโครงฯ', 'PRODUCT', NULL, NULL, NULL, NULL, NULL, NULL, NULL, NULL, NULL, NULL, NULL, NULL, '2020-09-07 17:00:00', NULL, '2020-09-07 17:00:00', NULL, NULL),
	(370, '104010012', 'บ. IC-my-MMS', 'PRODUCT', NULL, NULL, NULL, NULL, NULL, NULL, NULL, NULL, NULL, NULL, NULL, NULL, '2020-09-07 17:00:00', NULL, '2020-09-07 17:00:00', NULL, NULL),
	(371, '104010013', 'เลิก-บริการ my 4G', 'PRODUCT', NULL, NULL, NULL, NULL, NULL, NULL, NULL, NULL, NULL, NULL, NULL, NULL, '2020-09-07 17:00:00', NULL, '2020-09-07 17:00:00', NULL, NULL),
	(372, '104010014', 'บ.Rocket-Prepaid', 'PRODUCT', NULL, NULL, NULL, NULL, NULL, NULL, NULL, NULL, NULL, NULL, NULL, NULL, '2020-09-07 17:00:00', NULL, '2020-09-07 17:00:00', NULL, NULL),
	(373, '104010015', 'บ.IC-Rocket-Transit', 'PRODUCT', NULL, NULL, NULL, NULL, NULL, NULL, NULL, NULL, NULL, NULL, NULL, NULL, '2020-09-07 17:00:00', NULL, '2020-09-07 17:00:00', NULL, NULL),
	(374, '104010016', 'บ.IC-Rocket-Originat', 'PRODUCT', NULL, NULL, NULL, NULL, NULL, NULL, NULL, NULL, NULL, NULL, NULL, NULL, '2020-09-07 17:00:00', NULL, '2020-09-07 17:00:00', NULL, NULL),
	(375, '104010017', 'บ.IC-Rocket-Terminat', 'PRODUCT', NULL, NULL, NULL, NULL, NULL, NULL, NULL, NULL, NULL, NULL, NULL, NULL, '2020-09-07 17:00:00', NULL, '2020-09-07 17:00:00', NULL, NULL),
	(376, '104010018', 'บ.IC-Rocket-SMS', 'PRODUCT', NULL, NULL, NULL, NULL, NULL, NULL, NULL, NULL, NULL, NULL, NULL, NULL, '2020-09-07 17:00:00', NULL, '2020-09-07 17:00:00', NULL, NULL),
	(377, '104010019', 'บ.IC-Rocket-MMS', 'PRODUCT', NULL, NULL, NULL, NULL, NULL, NULL, NULL, NULL, NULL, NULL, NULL, NULL, '2020-09-07 17:00:00', NULL, '2020-09-07 17:00:00', NULL, NULL),
	(378, '104010020', 'บ.my-MNP', 'PRODUCT', NULL, NULL, NULL, NULL, NULL, NULL, NULL, NULL, NULL, NULL, NULL, NULL, '2020-09-07 17:00:00', NULL, '2020-09-07 17:00:00', NULL, NULL),
	(379, '104014100', 'บ.my-ส.โทรฯ', 'PRODUCT', NULL, NULL, NULL, NULL, NULL, NULL, NULL, NULL, NULL, NULL, NULL, NULL, '2020-09-07 17:00:00', NULL, '2020-09-07 17:00:00', NULL, NULL),
	(380, '104019901', 'บ.เกี่ยวฯ-my', 'PRODUCT', NULL, NULL, NULL, NULL, NULL, NULL, NULL, NULL, NULL, NULL, NULL, NULL, '2020-09-07 17:00:00', NULL, '2020-09-07 17:00:00', NULL, NULL),
	(381, '104020001', 'เลิก-บ.CDMA-ภุมิฯ', 'PRODUCT', NULL, NULL, NULL, NULL, NULL, NULL, NULL, NULL, NULL, NULL, NULL, NULL, '2020-09-07 17:00:00', NULL, '2020-09-07 17:00:00', NULL, NULL),
	(382, '104024100', 'เลิก-บ.CDMAภ.-ส.โทรฯ', 'PRODUCT', NULL, NULL, NULL, NULL, NULL, NULL, NULL, NULL, NULL, NULL, NULL, NULL, '2020-09-07 17:00:00', NULL, '2020-09-07 17:00:00', NULL, NULL),
	(383, '104030001', 'เลิก-บ.CDMA-ส่วนกลาง', 'PRODUCT', NULL, NULL, NULL, NULL, NULL, NULL, NULL, NULL, NULL, NULL, NULL, NULL, '2020-09-07 17:00:00', NULL, '2020-09-07 17:00:00', NULL, NULL),
	(384, '104039901', 'เลิก-บ.เกี่ยวฯCDMAก', 'PRODUCT', NULL, NULL, NULL, NULL, NULL, NULL, NULL, NULL, NULL, NULL, NULL, NULL, '2020-09-07 17:00:00', NULL, '2020-09-07 17:00:00', NULL, NULL),
	(385, '104040001', 'บ.วิทยุฯเฉพาะกิจ', 'PRODUCT', NULL, NULL, NULL, NULL, NULL, NULL, NULL, NULL, NULL, NULL, NULL, NULL, '2020-09-07 17:00:00', NULL, '2020-09-07 17:00:00', NULL, NULL),
	(386, '104040002', 'บ.วิทยุฯเคลื่อนที่', 'PRODUCT', NULL, NULL, NULL, NULL, NULL, NULL, NULL, NULL, NULL, NULL, NULL, NULL, '2020-09-07 17:00:00', NULL, '2020-09-07 17:00:00', NULL, NULL),
	(387, '104040003', 'บ.วิทยุฯ-TAXI', 'PRODUCT', NULL, NULL, NULL, NULL, NULL, NULL, NULL, NULL, NULL, NULL, NULL, NULL, '2020-09-07 17:00:00', NULL, '2020-09-07 17:00:00', NULL, NULL),
	(388, '104040004', 'บ.วิทยุเฉพาะฯติดตาม', 'PRODUCT', NULL, NULL, NULL, NULL, NULL, NULL, NULL, NULL, NULL, NULL, NULL, NULL, '2020-09-07 17:00:00', NULL, '2020-09-07 17:00:00', NULL, NULL),
	(389, '104040005', 'บ.วิทยุเฉพาะฯTrunked', 'PRODUCT', NULL, NULL, NULL, NULL, NULL, NULL, NULL, NULL, NULL, NULL, NULL, NULL, '2020-09-07 17:00:00', NULL, '2020-09-07 17:00:00', NULL, NULL),
	(390, '104044000', 'เลิก-บ.วิทยุ-ส.Non', 'PRODUCT', NULL, NULL, NULL, NULL, NULL, NULL, NULL, NULL, NULL, NULL, NULL, NULL, '2020-09-07 17:00:00', NULL, '2020-09-07 17:00:00', NULL, NULL),
	(391, '104044100', 'บ.วิทยุคมฯ-ส.โทรฯ', 'PRODUCT', NULL, NULL, NULL, NULL, NULL, NULL, NULL, NULL, NULL, NULL, NULL, NULL, '2020-09-07 17:00:00', NULL, '2020-09-07 17:00:00', NULL, NULL),
	(392, '104049901', 'บ.เกี่ยวฯ-วิทยุฯ', 'PRODUCT', NULL, NULL, NULL, NULL, NULL, NULL, NULL, NULL, NULL, NULL, NULL, NULL, '2020-09-07 17:00:00', NULL, '2020-09-07 17:00:00', NULL, NULL),
	(393, '104050001', 'บ.วิทยุฯเรือเดินทะเล', 'PRODUCT', NULL, NULL, NULL, NULL, NULL, NULL, NULL, NULL, NULL, NULL, NULL, NULL, '2020-09-07 17:00:00', NULL, '2020-09-07 17:00:00', NULL, NULL),
	(394, '104054000', 'เลิก-บ.เรือ-ส.Non', 'PRODUCT', NULL, NULL, NULL, NULL, NULL, NULL, NULL, NULL, NULL, NULL, NULL, NULL, '2020-09-07 17:00:00', NULL, '2020-09-07 17:00:00', NULL, NULL),
	(395, '104054100', 'บ.วิทยุเรือฯ-ส.โทรฯ', 'PRODUCT', NULL, NULL, NULL, NULL, NULL, NULL, NULL, NULL, NULL, NULL, NULL, NULL, '2020-09-07 17:00:00', NULL, '2020-09-07 17:00:00', NULL, NULL),
	(396, '104059901', 'บ.เกี่ยวฯ-วิทยุเรือฯ', 'PRODUCT', NULL, NULL, NULL, NULL, NULL, NULL, NULL, NULL, NULL, NULL, NULL, NULL, '2020-09-07 17:00:00', NULL, '2020-09-07 17:00:00', NULL, NULL),
	(397, '104060001', 'บ.HSPA-ขายส่ง', 'PRODUCT', NULL, NULL, NULL, NULL, NULL, NULL, NULL, NULL, NULL, NULL, NULL, NULL, '2020-09-07 17:00:00', NULL, '2020-09-07 17:00:00', NULL, NULL),
	(398, '104060002', 'บ.ข้ามเครือฯนปท-HSPA', 'PRODUCT', NULL, NULL, NULL, NULL, NULL, NULL, NULL, NULL, NULL, NULL, NULL, NULL, '2020-09-07 17:00:00', NULL, '2020-09-07 17:00:00', NULL, NULL),
	(399, '104060003', 'บ.ข้ามเครือฯรปท-HSPA', 'PRODUCT', NULL, NULL, NULL, NULL, NULL, NULL, NULL, NULL, NULL, NULL, NULL, NULL, '2020-09-07 17:00:00', NULL, '2020-09-07 17:00:00', NULL, NULL),
	(400, '104060004', 'บ.ค่าบริหารสนับฯ MNP', 'PRODUCT', NULL, NULL, NULL, NULL, NULL, NULL, NULL, NULL, NULL, NULL, NULL, NULL, '2020-09-07 17:00:00', NULL, '2020-09-07 17:00:00', NULL, NULL),
	(401, '104060005', 'IC HSPAขายส่งTransit', 'PRODUCT', NULL, NULL, NULL, NULL, NULL, NULL, NULL, NULL, NULL, NULL, NULL, NULL, '2020-09-07 17:00:00', NULL, '2020-09-07 17:00:00', NULL, NULL),
	(402, '104060006', 'เลิก-IC HSPA Origin', 'PRODUCT', NULL, NULL, NULL, NULL, NULL, NULL, NULL, NULL, NULL, NULL, NULL, NULL, '2020-09-07 17:00:00', NULL, '2020-09-07 17:00:00', NULL, NULL),
	(403, '104060007', 'เลิก-IC HSPA Termin', 'PRODUCT', NULL, NULL, NULL, NULL, NULL, NULL, NULL, NULL, NULL, NULL, NULL, NULL, '2020-09-07 17:00:00', NULL, '2020-09-07 17:00:00', NULL, NULL),
	(404, '104060008', 'บ.ข้ามฯ(Roaming)-2G', 'PRODUCT', NULL, NULL, NULL, NULL, NULL, NULL, NULL, NULL, NULL, NULL, NULL, NULL, '2020-09-07 17:00:00', NULL, '2020-09-07 17:00:00', NULL, NULL),
	(405, '104060009', 'เลิก-บ.โครงข่ายร่วม', 'PRODUCT', NULL, NULL, NULL, NULL, NULL, NULL, NULL, NULL, NULL, NULL, NULL, NULL, '2020-09-07 17:00:00', NULL, '2020-09-07 17:00:00', NULL, NULL),
	(406, '104060010', 'บ.ให้ใช้ระบบ MVNE', 'PRODUCT', NULL, NULL, NULL, NULL, NULL, NULL, NULL, NULL, NULL, NULL, NULL, NULL, '2020-09-07 17:00:00', NULL, '2020-09-07 17:00:00', NULL, NULL),
	(407, '104060011', 'บ.ให้ใช้ระบบ HLR', 'PRODUCT', NULL, NULL, NULL, NULL, NULL, NULL, NULL, NULL, NULL, NULL, NULL, NULL, '2020-09-07 17:00:00', NULL, '2020-09-07 17:00:00', NULL, NULL),
	(408, '104060012', 'บ.PRIVATE APN', 'PRODUCT', NULL, NULL, NULL, NULL, NULL, NULL, NULL, NULL, NULL, NULL, NULL, NULL, '2020-09-07 17:00:00', NULL, '2020-09-07 17:00:00', NULL, NULL),
	(409, '104060013', 'บ.ค่าบริหารจัดการ', 'PRODUCT', NULL, NULL, NULL, NULL, NULL, NULL, NULL, NULL, NULL, NULL, NULL, NULL, '2020-09-07 17:00:00', NULL, '2020-09-07 17:00:00', NULL, NULL),
	(410, '104060014', 'บ.IC MMS-Wholesale', 'PRODUCT', NULL, NULL, NULL, NULL, NULL, NULL, NULL, NULL, NULL, NULL, NULL, NULL, '2020-09-07 17:00:00', NULL, '2020-09-07 17:00:00', NULL, NULL),
	(411, '104069901', 'บ.เกี่ยวฯ-Wholesale', 'PRODUCT', NULL, NULL, NULL, NULL, NULL, NULL, NULL, NULL, NULL, NULL, NULL, NULL, '2020-09-07 17:00:00', NULL, '2020-09-07 17:00:00', NULL, NULL),
	(412, '104070001', 'บ.เสาโทรฯ(Tower)-CAT', 'PRODUCT', NULL, NULL, NULL, NULL, NULL, NULL, NULL, NULL, NULL, NULL, NULL, NULL, '2020-09-07 17:00:00', NULL, '2020-09-07 17:00:00', NULL, NULL),
	(413, '104070002', 'บ.โครงข่ายร่วม-BFKT', 'PRODUCT', NULL, NULL, NULL, NULL, NULL, NULL, NULL, NULL, NULL, NULL, NULL, NULL, '2020-09-07 17:00:00', NULL, '2020-09-07 17:00:00', NULL, NULL),
	(414, '104070003', 'บ.โครงข่ายร่วม', 'PRODUCT', NULL, NULL, NULL, NULL, NULL, NULL, NULL, NULL, NULL, NULL, NULL, NULL, '2020-09-07 17:00:00', NULL, '2020-09-07 17:00:00', NULL, NULL),
	(415, '104080001', 'โครงการเยียวยาฯ', 'PRODUCT', NULL, NULL, NULL, NULL, NULL, NULL, NULL, NULL, NULL, NULL, NULL, NULL, '2020-09-07 17:00:00', NULL, '2020-09-07 17:00:00', NULL, NULL),
	(416, '104090001', 'บ.โครงสร้างฯ (RISO)', 'PRODUCT', NULL, NULL, NULL, NULL, NULL, NULL, NULL, NULL, NULL, NULL, NULL, NULL, '2020-09-07 17:00:00', NULL, '2020-09-07 17:00:00', NULL, NULL),
	(417, '104090002', 'บ.ใช้โครงข่ายฯ (RAO)', 'PRODUCT', NULL, NULL, NULL, NULL, NULL, NULL, NULL, NULL, NULL, NULL, NULL, NULL, '2020-09-07 17:00:00', NULL, '2020-09-07 17:00:00', NULL, NULL),
	(418, '104100001', 'บ.เครือง&อุป2G 3G 4G', 'PRODUCT', NULL, NULL, NULL, NULL, NULL, NULL, NULL, NULL, NULL, NULL, NULL, NULL, '2020-09-07 17:00:00', NULL, '2020-09-07 17:00:00', NULL, NULL),
	(419, '104110001', 'บ.IoT by CAT', 'PRODUCT', NULL, NULL, NULL, NULL, NULL, NULL, NULL, NULL, NULL, NULL, NULL, NULL, '2020-09-07 17:00:00', NULL, '2020-09-07 17:00:00', NULL, NULL),
	(420, '104110002', 'ดิจิทัลพาร์ค', 'PRODUCT', NULL, NULL, NULL, NULL, NULL, NULL, NULL, NULL, NULL, NULL, NULL, NULL, '2020-09-07 17:00:00', NULL, '2020-09-07 17:00:00', NULL, NULL),
	(421, '104114100', 'ส/คโทรคมนาคม IoTbyCA', 'PRODUCT', NULL, NULL, NULL, NULL, NULL, NULL, NULL, NULL, NULL, NULL, NULL, NULL, '2020-09-07 17:00:00', NULL, '2020-09-07 17:00:00', NULL, NULL),
	(422, '181010001', 'บ.โทรฯประจำที่-USO', 'PRODUCT', NULL, NULL, NULL, NULL, NULL, NULL, NULL, NULL, NULL, NULL, NULL, NULL, '2020-09-07 17:00:00', NULL, '2020-09-07 17:00:00', NULL, NULL),
	(423, '181010002', 'บ.โทรฯสาธารณะ-USO', 'PRODUCT', NULL, NULL, NULL, NULL, NULL, NULL, NULL, NULL, NULL, NULL, NULL, NULL, '2020-09-07 17:00:00', NULL, '2020-09-07 17:00:00', NULL, NULL),
	(424, '181010003', 'บ.อินเตอร์เน็ต-USO', 'PRODUCT', NULL, NULL, NULL, NULL, NULL, NULL, NULL, NULL, NULL, NULL, NULL, NULL, '2020-09-07 17:00:00', NULL, '2020-09-07 17:00:00', NULL, NULL),
	(425, '181019901', 'บ.เกี่ยวฯ-USO', 'PRODUCT', NULL, NULL, NULL, NULL, NULL, NULL, NULL, NULL, NULL, NULL, NULL, NULL, '2020-09-07 17:00:00', NULL, '2020-09-07 17:00:00', NULL, NULL),
	(426, '181020001', 'บ.โทรศัพท์ฯ-USO ชายข', 'PRODUCT', NULL, NULL, NULL, NULL, NULL, NULL, NULL, NULL, NULL, NULL, NULL, NULL, '2020-09-07 17:00:00', NULL, '2020-09-07 17:00:00', NULL, NULL),
	(427, '181030001', 'บ.โครงข่ายDark Fiber', 'PRODUCT', NULL, NULL, NULL, NULL, NULL, NULL, NULL, NULL, NULL, NULL, NULL, NULL, '2020-09-07 17:00:00', NULL, '2020-09-07 17:00:00', NULL, NULL),
	(428, '181030002', 'บ.โครงข่าย-Copper', 'PRODUCT', NULL, NULL, NULL, NULL, NULL, NULL, NULL, NULL, NULL, NULL, NULL, NULL, '2020-09-07 17:00:00', NULL, '2020-09-07 17:00:00', NULL, NULL),
	(429, '181030003', 'บ.เคเบิลใต้น้ำ', 'PRODUCT', NULL, NULL, NULL, NULL, NULL, NULL, NULL, NULL, NULL, NULL, NULL, NULL, '2020-09-07 17:00:00', NULL, '2020-09-07 17:00:00', NULL, NULL),
	(430, '181030004', 'บ.ท่อร้อยสาย', 'PRODUCT', NULL, NULL, NULL, NULL, NULL, NULL, NULL, NULL, NULL, NULL, NULL, NULL, '2020-09-07 17:00:00', NULL, '2020-09-07 17:00:00', NULL, NULL),
	(431, '181030005', 'บ.โครงสร้างพืนฐาน-DE', 'PRODUCT', NULL, NULL, NULL, NULL, NULL, NULL, NULL, NULL, NULL, NULL, NULL, NULL, '2020-09-07 17:00:00', NULL, '2020-09-07 17:00:00', NULL, NULL),
	(432, '181034000', 'เลิก-บ.โครงฯ-ส.Non', 'PRODUCT', NULL, NULL, NULL, NULL, NULL, NULL, NULL, NULL, NULL, NULL, NULL, NULL, '2020-09-07 17:00:00', NULL, '2020-09-07 17:00:00', NULL, NULL),
	(433, '181034100', 'บ.โครงข่าย-ส.โทรฯ', 'PRODUCT', NULL, NULL, NULL, NULL, NULL, NULL, NULL, NULL, NULL, NULL, NULL, NULL, '2020-09-07 17:00:00', NULL, '2020-09-07 17:00:00', NULL, NULL),
	(434, '181034200', 'สินค้าโครงการ DE', 'PRODUCT', NULL, NULL, NULL, NULL, NULL, NULL, NULL, NULL, NULL, NULL, NULL, NULL, '2020-09-07 17:00:00', NULL, '2020-09-07 17:00:00', NULL, NULL),
	(435, '181039901', 'บ.เกี่ยวฯ-โครงข่าย', 'PRODUCT', NULL, NULL, NULL, NULL, NULL, NULL, NULL, NULL, NULL, NULL, NULL, NULL, '2020-09-07 17:00:00', NULL, '2020-09-07 17:00:00', NULL, NULL),
	(436, '181040001', 'บ.CAT TOWER', 'PRODUCT', NULL, NULL, NULL, NULL, NULL, NULL, NULL, NULL, NULL, NULL, NULL, NULL, '2020-09-07 17:00:00', NULL, '2020-09-07 17:00:00', NULL, NULL),
	(437, '181050001', 'เลิก-บ.อาคารที่พัก', 'PRODUCT', NULL, NULL, NULL, NULL, NULL, NULL, NULL, NULL, NULL, NULL, NULL, NULL, '2020-09-07 17:00:00', NULL, '2020-09-07 17:00:00', NULL, NULL),
	(438, '181050002', 'เลิก-บ.บ้าน/อาคารแฟล', 'PRODUCT', NULL, NULL, NULL, NULL, NULL, NULL, NULL, NULL, NULL, NULL, NULL, NULL, '2020-09-07 17:00:00', NULL, '2020-09-07 17:00:00', NULL, NULL),
	(439, '181050003', 'เลิก-บ.พัฒนาส/ทอื่น', 'PRODUCT', NULL, NULL, NULL, NULL, NULL, NULL, NULL, NULL, NULL, NULL, NULL, NULL, '2020-09-07 17:00:00', NULL, '2020-09-07 17:00:00', NULL, NULL),
	(440, '181050004', 'เลิก-บ.In Building', 'PRODUCT', NULL, NULL, NULL, NULL, NULL, NULL, NULL, NULL, NULL, NULL, NULL, NULL, '2020-09-07 17:00:00', NULL, '2020-09-07 17:00:00', NULL, NULL),
	(441, '181050005', 'บ.พัฒนาส/ท-หลักสี่', 'PRODUCT', NULL, NULL, NULL, NULL, NULL, NULL, NULL, NULL, NULL, NULL, NULL, NULL, '2020-09-07 17:00:00', NULL, '2020-09-07 17:00:00', NULL, NULL),
	(442, '181050006', 'บ.พัฒนาส/ท-นนทบุรี', 'PRODUCT', NULL, NULL, NULL, NULL, NULL, NULL, NULL, NULL, NULL, NULL, NULL, NULL, '2020-09-07 17:00:00', NULL, '2020-09-07 17:00:00', NULL, NULL),
	(443, '181050007', 'บ.พัฒนาส/ท-อื่น', 'PRODUCT', NULL, NULL, NULL, NULL, NULL, NULL, NULL, NULL, NULL, NULL, NULL, NULL, '2020-09-07 17:00:00', NULL, '2020-09-07 17:00:00', NULL, NULL),
	(444, '181050008', 'บ.อาคารผู้ปฏิฯ-หลักส', 'PRODUCT', NULL, NULL, NULL, NULL, NULL, NULL, NULL, NULL, NULL, NULL, NULL, NULL, '2020-09-07 17:00:00', NULL, '2020-09-07 17:00:00', NULL, NULL),
	(445, '181050009', 'บ.หอพัก-หลักสี่', 'PRODUCT', NULL, NULL, NULL, NULL, NULL, NULL, NULL, NULL, NULL, NULL, NULL, NULL, '2020-09-07 17:00:00', NULL, '2020-09-07 17:00:00', NULL, NULL),
	(446, '181050010', 'บ.ตลาดนัด-หลักสี่', 'PRODUCT', NULL, NULL, NULL, NULL, NULL, NULL, NULL, NULL, NULL, NULL, NULL, NULL, '2020-09-07 17:00:00', NULL, '2020-09-07 17:00:00', NULL, NULL),
	(447, '181050011', 'บ.ห้องจัดเลียงหลักสี', 'PRODUCT', NULL, NULL, NULL, NULL, NULL, NULL, NULL, NULL, NULL, NULL, NULL, NULL, '2020-09-07 17:00:00', NULL, '2020-09-07 17:00:00', NULL, NULL),
	(448, '181050099', 'บริการค่ากระแสไฟฟ้า', 'PRODUCT', NULL, NULL, NULL, NULL, NULL, NULL, NULL, NULL, NULL, NULL, NULL, NULL, '2020-09-07 17:00:00', NULL, '2020-09-07 17:00:00', NULL, NULL),
	(449, '181060001', 'บ.อื่น-นอกพัฒนาส/ท', 'PRODUCT', NULL, NULL, NULL, NULL, NULL, NULL, NULL, NULL, NULL, NULL, NULL, NULL, '2020-09-07 17:00:00', NULL, '2020-09-07 17:00:00', NULL, NULL),
	(450, '181060002', 'บ.CAT Contact Center', 'PRODUCT', NULL, NULL, NULL, NULL, NULL, NULL, NULL, NULL, NULL, NULL, NULL, NULL, '2020-09-07 17:00:00', NULL, '2020-09-07 17:00:00', NULL, NULL),
	(451, '181060003', 'เลิกบ.ตัวแทนรับชำระฯ', 'PRODUCT', NULL, NULL, NULL, NULL, NULL, NULL, NULL, NULL, NULL, NULL, NULL, NULL, '2020-09-07 17:00:00', NULL, '2020-09-07 17:00:00', NULL, NULL),
	(452, '181060004', 'บ.ทำงานให้ Vender', 'PRODUCT', NULL, NULL, NULL, NULL, NULL, NULL, NULL, NULL, NULL, NULL, NULL, NULL, '2020-09-07 17:00:00', NULL, '2020-09-07 17:00:00', NULL, NULL),
	(453, '181064000', 'บ.พัฒฯสท.-ส.Nonโทรฯ', 'PRODUCT', NULL, NULL, NULL, NULL, NULL, NULL, NULL, NULL, NULL, NULL, NULL, NULL, '2020-09-07 17:00:00', NULL, '2020-09-07 17:00:00', NULL, NULL),
	(454, '181064100', 'เลิก-บ.พัฒนาฯ-ส.โทร', 'PRODUCT', NULL, NULL, NULL, NULL, NULL, NULL, NULL, NULL, NULL, NULL, NULL, NULL, '2020-09-07 17:00:00', NULL, '2020-09-07 17:00:00', NULL, NULL),
	(455, '181070001', 'บ.ดอกเบี้ยรับ', 'PRODUCT', NULL, NULL, NULL, NULL, NULL, NULL, NULL, NULL, NULL, NULL, NULL, NULL, '2020-09-07 17:00:00', NULL, '2020-09-07 17:00:00', NULL, NULL),
	(456, '191010101', 'เลิก-บ.สัมฯ-DPC', 'PRODUCT', NULL, NULL, NULL, NULL, NULL, NULL, NULL, NULL, NULL, NULL, NULL, NULL, '2020-09-07 17:00:00', NULL, '2020-09-07 17:00:00', NULL, NULL),
	(457, '101010001', 'บ.CAT 001', 'PRODUCT', NULL, NULL, NULL, NULL, NULL, NULL, NULL, NULL, NULL, NULL, NULL, NULL, '2020-09-07 17:00:00', NULL, '2020-09-07 17:00:00', NULL, NULL),
	(458, '101010002', 'บ.CAT 009', 'PRODUCT', NULL, NULL, NULL, NULL, NULL, NULL, NULL, NULL, NULL, NULL, NULL, NULL, '2020-09-07 17:00:00', NULL, '2020-09-07 17:00:00', NULL, NULL),
	(459, '101010003', 'เลิก-บ.CAT 100', 'PRODUCT', NULL, NULL, NULL, NULL, NULL, NULL, NULL, NULL, NULL, NULL, NULL, NULL, '2020-09-07 17:00:00', NULL, '2020-09-07 17:00:00', NULL, NULL),
	(460, '101010004', 'บ.ITFS', 'PRODUCT', NULL, NULL, NULL, NULL, NULL, NULL, NULL, NULL, NULL, NULL, NULL, NULL, '2020-09-07 17:00:00', NULL, '2020-09-07 17:00:00', NULL, NULL),
	(461, '101010005', 'เลิก-บ.CAT THAICARD', 'PRODUCT', NULL, NULL, NULL, NULL, NULL, NULL, NULL, NULL, NULL, NULL, NULL, NULL, '2020-09-07 17:00:00', NULL, '2020-09-07 17:00:00', NULL, NULL),
	(462, '101010006', 'บ.CAT PHONENET/THAIC', 'PRODUCT', NULL, NULL, NULL, NULL, NULL, NULL, NULL, NULL, NULL, NULL, NULL, NULL, '2020-09-07 17:00:00', NULL, '2020-09-07 17:00:00', NULL, NULL),
	(463, '101010007', 'เลิก-บ.PHONENET-HATA', 'PRODUCT', NULL, NULL, NULL, NULL, NULL, NULL, NULL, NULL, NULL, NULL, NULL, NULL, '2020-09-07 17:00:00', NULL, '2020-09-07 17:00:00', NULL, NULL),
	(464, '101010008', 'เลิก-บ.CAT2CALL', 'PRODUCT', NULL, NULL, NULL, NULL, NULL, NULL, NULL, NULL, NULL, NULL, NULL, NULL, '2020-09-07 17:00:00', NULL, '2020-09-07 17:00:00', NULL, NULL),
	(465, '101010009', 'บ.โทรฯรปท.-ขายส่ง', 'PRODUCT', NULL, NULL, NULL, NULL, NULL, NULL, NULL, NULL, NULL, NULL, NULL, NULL, '2020-09-07 17:00:00', NULL, '2020-09-07 17:00:00', NULL, NULL),
	(466, '101010010', 'ค่าส่วนแบ่งรปท.', 'PRODUCT', NULL, NULL, NULL, NULL, NULL, NULL, NULL, NULL, NULL, NULL, NULL, NULL, '2020-09-07 17:00:00', NULL, '2020-09-07 17:00:00', NULL, NULL),
	(467, '101010011', 'เลิก-บ.โทรศัพท์สาธาร', 'PRODUCT', NULL, NULL, NULL, NULL, NULL, NULL, NULL, NULL, NULL, NULL, NULL, NULL, '2020-09-07 17:00:00', NULL, '2020-09-07 17:00:00', NULL, NULL),
	(468, '101010012', 'บ.One Connect', 'PRODUCT', NULL, NULL, NULL, NULL, NULL, NULL, NULL, NULL, NULL, NULL, NULL, NULL, '2020-09-07 17:00:00', NULL, '2020-09-07 17:00:00', NULL, NULL),
	(469, '101010013', 'บ.CAT2CALL PLUS', 'PRODUCT', NULL, NULL, NULL, NULL, NULL, NULL, NULL, NULL, NULL, NULL, NULL, NULL, '2020-09-07 17:00:00', NULL, '2020-09-07 17:00:00', NULL, NULL),
	(470, '101010014', 'เลิก-บ.Click Connect', 'PRODUCT', NULL, NULL, NULL, NULL, NULL, NULL, NULL, NULL, NULL, NULL, NULL, NULL, '2020-09-07 17:00:00', NULL, '2020-09-07 17:00:00', NULL, NULL),
	(471, '101010015', 'บ.AUDIO CONFERENCE', 'PRODUCT', NULL, NULL, NULL, NULL, NULL, NULL, NULL, NULL, NULL, NULL, NULL, NULL, '2020-09-07 17:00:00', NULL, '2020-09-07 17:00:00', NULL, NULL),
	(472, '101010016', 'บ.SCCP Function', 'PRODUCT', NULL, NULL, NULL, NULL, NULL, NULL, NULL, NULL, NULL, NULL, NULL, NULL, '2020-09-07 17:00:00', NULL, '2020-09-07 17:00:00', NULL, NULL),
	(473, '101010017', 'เลิก-บ.โทรฯ-โทรสารสา', 'PRODUCT', NULL, NULL, NULL, NULL, NULL, NULL, NULL, NULL, NULL, NULL, NULL, NULL, '2020-09-07 17:00:00', NULL, '2020-09-07 17:00:00', NULL, NULL),
	(474, '101010018', 'เลิกCallCardPlatform', 'PRODUCT', NULL, NULL, NULL, NULL, NULL, NULL, NULL, NULL, NULL, NULL, NULL, NULL, '2020-09-07 17:00:00', NULL, '2020-09-07 17:00:00', NULL, NULL),
	(475, '101010019', 'บ.CAT VSI', 'PRODUCT', NULL, NULL, NULL, NULL, NULL, NULL, NULL, NULL, NULL, NULL, NULL, NULL, '2020-09-07 17:00:00', NULL, '2020-09-07 17:00:00', NULL, NULL),
	(476, '101014000', 'เลิก-บ.โทร-ส.Nonฯ', 'PRODUCT', NULL, NULL, NULL, NULL, NULL, NULL, NULL, NULL, NULL, NULL, NULL, NULL, '2020-09-07 17:00:00', NULL, '2020-09-07 17:00:00', NULL, NULL),
	(477, '101014100', 'บ.โทรฯ-ส.โทรฯ', 'PRODUCT', NULL, NULL, NULL, NULL, NULL, NULL, NULL, NULL, NULL, NULL, NULL, NULL, '2020-09-07 17:00:00', NULL, '2020-09-07 17:00:00', NULL, NULL),
	(478, '101019901', 'บ.เกี่ยวฯ-โทรฯ', 'PRODUCT', NULL, NULL, NULL, NULL, NULL, NULL, NULL, NULL, NULL, NULL, NULL, NULL, '2020-09-07 17:00:00', NULL, '2020-09-07 17:00:00', NULL, NULL),
	(479, '102010101', 'เลิกบ.CAT FrameLink', 'PRODUCT', NULL, NULL, NULL, NULL, NULL, NULL, NULL, NULL, NULL, NULL, NULL, NULL, '2020-09-07 17:00:00', NULL, '2020-09-07 17:00:00', NULL, NULL),
	(480, '102010102', 'บ.CAT MPLS', 'PRODUCT', NULL, NULL, NULL, NULL, NULL, NULL, NULL, NULL, NULL, NULL, NULL, NULL, '2020-09-07 17:00:00', NULL, '2020-09-07 17:00:00', NULL, NULL),
	(481, '102010103', 'บ.CAT Ethernet', 'PRODUCT', NULL, NULL, NULL, NULL, NULL, NULL, NULL, NULL, NULL, NULL, NULL, NULL, '2020-09-07 17:00:00', NULL, '2020-09-07 17:00:00', NULL, NULL),
	(482, '102010104', 'บ.CAT Private Line', 'PRODUCT', NULL, NULL, NULL, NULL, NULL, NULL, NULL, NULL, NULL, NULL, NULL, NULL, '2020-09-07 17:00:00', NULL, '2020-09-07 17:00:00', NULL, NULL),
	(483, '102010105', 'เลิก-บ.CAT ATM', 'PRODUCT', NULL, NULL, NULL, NULL, NULL, NULL, NULL, NULL, NULL, NULL, NULL, NULL, '2020-09-07 17:00:00', NULL, '2020-09-07 17:00:00', NULL, NULL),
	(484, '102010201', 'เลิก-บ.CAT Frame-In', 'PRODUCT', NULL, NULL, NULL, NULL, NULL, NULL, NULL, NULL, NULL, NULL, NULL, NULL, '2020-09-07 17:00:00', NULL, '2020-09-07 17:00:00', NULL, NULL),
	(485, '102010202', 'บ.CAT MPLS- Inter', 'PRODUCT', NULL, NULL, NULL, NULL, NULL, NULL, NULL, NULL, NULL, NULL, NULL, NULL, '2020-09-07 17:00:00', NULL, '2020-09-07 17:00:00', NULL, NULL),
	(486, '102010203', 'บ.CAT PrivateLine-In', 'PRODUCT', NULL, NULL, NULL, NULL, NULL, NULL, NULL, NULL, NULL, NULL, NULL, NULL, '2020-09-07 17:00:00', NULL, '2020-09-07 17:00:00', NULL, NULL),
	(487, '102010204', 'เลิก-บ.CAT ATM-Inter', 'PRODUCT', NULL, NULL, NULL, NULL, NULL, NULL, NULL, NULL, NULL, NULL, NULL, NULL, '2020-09-07 17:00:00', NULL, '2020-09-07 17:00:00', NULL, NULL),
	(488, '102010205', 'บ.CAT Ethernet-Inter', 'PRODUCT', NULL, NULL, NULL, NULL, NULL, NULL, NULL, NULL, NULL, NULL, NULL, NULL, '2020-09-07 17:00:00', NULL, '2020-09-07 17:00:00', NULL, NULL),
	(489, '102010206', 'บ.CAT Private Int 10', 'PRODUCT', NULL, NULL, NULL, NULL, NULL, NULL, NULL, NULL, NULL, NULL, NULL, NULL, '2020-09-07 17:00:00', NULL, '2020-09-07 17:00:00', NULL, NULL),
	(490, '102010301', 'บ.CAT THIX', 'PRODUCT', NULL, NULL, NULL, NULL, NULL, NULL, NULL, NULL, NULL, NULL, NULL, NULL, '2020-09-07 17:00:00', NULL, '2020-09-07 17:00:00', NULL, NULL),
	(491, '102010302', 'บ.CAT NIX', 'PRODUCT', NULL, NULL, NULL, NULL, NULL, NULL, NULL, NULL, NULL, NULL, NULL, NULL, '2020-09-07 17:00:00', NULL, '2020-09-07 17:00:00', NULL, NULL),
	(492, '102010401', 'บ.CAT TV Transmissio', 'PRODUCT', NULL, NULL, NULL, NULL, NULL, NULL, NULL, NULL, NULL, NULL, NULL, NULL, '2020-09-07 17:00:00', NULL, '2020-09-07 17:00:00', NULL, NULL),
	(493, '102010402', 'บ.CAT GlobeSat', 'PRODUCT', NULL, NULL, NULL, NULL, NULL, NULL, NULL, NULL, NULL, NULL, NULL, NULL, '2020-09-07 17:00:00', NULL, '2020-09-07 17:00:00', NULL, NULL),
	(494, '102010403', 'บ.INMARSAT', 'PRODUCT', NULL, NULL, NULL, NULL, NULL, NULL, NULL, NULL, NULL, NULL, NULL, NULL, '2020-09-07 17:00:00', NULL, '2020-09-07 17:00:00', NULL, NULL),
	(495, '102010404', 'บ.CAT iP Star', 'PRODUCT', NULL, NULL, NULL, NULL, NULL, NULL, NULL, NULL, NULL, NULL, NULL, NULL, '2020-09-07 17:00:00', NULL, '2020-09-07 17:00:00', NULL, NULL),
	(496, '102010405', 'บ.CAT Channel', 'PRODUCT', NULL, NULL, NULL, NULL, NULL, NULL, NULL, NULL, NULL, NULL, NULL, NULL, '2020-09-07 17:00:00', NULL, '2020-09-07 17:00:00', NULL, NULL),
	(497, '102010406', 'บ.CAT Satellite TV', 'PRODUCT', NULL, NULL, NULL, NULL, NULL, NULL, NULL, NULL, NULL, NULL, NULL, NULL, '2020-09-07 17:00:00', NULL, '2020-09-07 17:00:00', NULL, NULL),
	(498, '102010407', 'CAT Satellitite Faci', 'PRODUCT', NULL, NULL, NULL, NULL, NULL, NULL, NULL, NULL, NULL, NULL, NULL, NULL, '2020-09-07 17:00:00', NULL, '2020-09-07 17:00:00', NULL, NULL),
	(499, '102010501', 'เลิก-บ.โทรสาร', 'PRODUCT', NULL, NULL, NULL, NULL, NULL, NULL, NULL, NULL, NULL, NULL, NULL, NULL, '2020-09-07 17:00:00', NULL, '2020-09-07 17:00:00', NULL, NULL),
	(500, '102010502', 'เลิก-บ.เทเล็กซ์', 'PRODUCT', NULL, NULL, NULL, NULL, NULL, NULL, NULL, NULL, NULL, NULL, NULL, NULL, '2020-09-07 17:00:00', NULL, '2020-09-07 17:00:00', NULL, NULL),
	(501, '102010503', 'บ.CAT NSI', 'PRODUCT', NULL, NULL, NULL, NULL, NULL, NULL, NULL, NULL, NULL, NULL, NULL, NULL, '2020-09-07 17:00:00', NULL, '2020-09-07 17:00:00', NULL, NULL),
	(502, '102010504', 'บ.CPE', 'PRODUCT', NULL, NULL, NULL, NULL, NULL, NULL, NULL, NULL, NULL, NULL, NULL, NULL, '2020-09-07 17:00:00', NULL, '2020-09-07 17:00:00', NULL, NULL),
	(503, '102010505', 'บ.Inhouse connect', 'PRODUCT', NULL, NULL, NULL, NULL, NULL, NULL, NULL, NULL, NULL, NULL, NULL, NULL, '2020-09-07 17:00:00', NULL, '2020-09-07 17:00:00', NULL, NULL),
	(504, '102010601', 'บ.CAT myStudio', 'PRODUCT', NULL, NULL, NULL, NULL, NULL, NULL, NULL, NULL, NULL, NULL, NULL, NULL, '2020-09-07 17:00:00', NULL, '2020-09-07 17:00:00', NULL, NULL),
	(505, '102014000', 'เลิก-บ.วงจร-ส.Non', 'PRODUCT', NULL, NULL, NULL, NULL, NULL, NULL, NULL, NULL, NULL, NULL, NULL, NULL, '2020-09-07 17:00:00', NULL, '2020-09-07 17:00:00', NULL, NULL),
	(506, '102014100', 'บ.วงจรฯ-ส.โทรฯ', 'PRODUCT', NULL, NULL, NULL, NULL, NULL, NULL, NULL, NULL, NULL, NULL, NULL, NULL, '2020-09-07 17:00:00', NULL, '2020-09-07 17:00:00', NULL, NULL),
	(507, '102019901', 'บ.สื่อสารข้อมูลอื่น', 'PRODUCT', NULL, NULL, NULL, NULL, NULL, NULL, NULL, NULL, NULL, NULL, NULL, NULL, '2020-09-07 17:00:00', NULL, '2020-09-07 17:00:00', NULL, NULL),
	(508, '102020001', 'บ.CATNET', 'PRODUCT', NULL, NULL, NULL, NULL, NULL, NULL, NULL, NULL, NULL, NULL, NULL, NULL, '2020-09-07 17:00:00', NULL, '2020-09-07 17:00:00', NULL, NULL),
	(509, '102020002', 'บ.CAT Corp Internet', 'PRODUCT', NULL, NULL, NULL, NULL, NULL, NULL, NULL, NULL, NULL, NULL, NULL, NULL, '2020-09-07 17:00:00', NULL, '2020-09-07 17:00:00', NULL, NULL),
	(510, '102020003', 'บ.C Net-hinet post', 'PRODUCT', NULL, NULL, NULL, NULL, NULL, NULL, NULL, NULL, NULL, NULL, NULL, NULL, '2020-09-07 17:00:00', NULL, '2020-09-07 17:00:00', NULL, NULL),
	(511, '102020004', 'บ.C Net-hinet pre', 'PRODUCT', NULL, NULL, NULL, NULL, NULL, NULL, NULL, NULL, NULL, NULL, NULL, NULL, '2020-09-07 17:00:00', NULL, '2020-09-07 17:00:00', NULL, NULL),
	(512, '102020005', 'บ.C Net-hinet part', 'PRODUCT', NULL, NULL, NULL, NULL, NULL, NULL, NULL, NULL, NULL, NULL, NULL, NULL, '2020-09-07 17:00:00', NULL, '2020-09-07 17:00:00', NULL, NULL),
	(513, '102020006', 'บ.CAT CableBroadband', 'PRODUCT', NULL, NULL, NULL, NULL, NULL, NULL, NULL, NULL, NULL, NULL, NULL, NULL, '2020-09-07 17:00:00', NULL, '2020-09-07 17:00:00', NULL, NULL),
	(514, '102020007', 'บ.CAT Wifi Prepaid', 'PRODUCT', NULL, NULL, NULL, NULL, NULL, NULL, NULL, NULL, NULL, NULL, NULL, NULL, '2020-09-07 17:00:00', NULL, '2020-09-07 17:00:00', NULL, NULL),
	(515, '102020008', 'บ.C Net-ON Net', 'PRODUCT', NULL, NULL, NULL, NULL, NULL, NULL, NULL, NULL, NULL, NULL, NULL, NULL, '2020-09-07 17:00:00', NULL, '2020-09-07 17:00:00', NULL, NULL),
	(516, '102020009', 'บ.C Net-hotnet post', 'PRODUCT', NULL, NULL, NULL, NULL, NULL, NULL, NULL, NULL, NULL, NULL, NULL, NULL, '2020-09-07 17:00:00', NULL, '2020-09-07 17:00:00', NULL, NULL),
	(517, '102020010', 'บ.C Net-hotnet pre', 'PRODUCT', NULL, NULL, NULL, NULL, NULL, NULL, NULL, NULL, NULL, NULL, NULL, NULL, '2020-09-07 17:00:00', NULL, '2020-09-07 17:00:00', NULL, NULL),
	(518, '102020011', 'บ.CAT Wifi Postpaid', 'PRODUCT', NULL, NULL, NULL, NULL, NULL, NULL, NULL, NULL, NULL, NULL, NULL, NULL, '2020-09-07 17:00:00', NULL, '2020-09-07 17:00:00', NULL, NULL),
	(519, '102020012', 'บ.CAT CORP NET PLUS', 'PRODUCT', NULL, NULL, NULL, NULL, NULL, NULL, NULL, NULL, NULL, NULL, NULL, NULL, '2020-09-07 17:00:00', NULL, '2020-09-07 17:00:00', NULL, NULL),
	(520, '102020013', 'บ.Free WiFi', 'PRODUCT', NULL, NULL, NULL, NULL, NULL, NULL, NULL, NULL, NULL, NULL, NULL, NULL, '2020-09-07 17:00:00', NULL, '2020-09-07 17:00:00', NULL, NULL),
	(521, '102020014', 'บ.CAT managed VPN', 'PRODUCT', NULL, NULL, NULL, NULL, NULL, NULL, NULL, NULL, NULL, NULL, NULL, NULL, '2020-09-07 17:00:00', NULL, '2020-09-07 17:00:00', NULL, NULL),
	(522, '102020015', 'บ.CAT CorpInter.Lite', 'PRODUCT', NULL, NULL, NULL, NULL, NULL, NULL, NULL, NULL, NULL, NULL, NULL, NULL, '2020-09-07 17:00:00', NULL, '2020-09-07 17:00:00', NULL, NULL),
	(523, '102024000', 'เลิก-บ.อิน-ส.Non', 'PRODUCT', NULL, NULL, NULL, NULL, NULL, NULL, NULL, NULL, NULL, NULL, NULL, NULL, '2020-09-07 17:00:00', NULL, '2020-09-07 17:00:00', NULL, NULL),
	(524, '102024100', 'บ.อินฯ-ส.โทรฯ', 'PRODUCT', NULL, NULL, NULL, NULL, NULL, NULL, NULL, NULL, NULL, NULL, NULL, NULL, '2020-09-07 17:00:00', NULL, '2020-09-07 17:00:00', NULL, NULL),
	(525, '102029901', 'บ.อื่นInternet', 'PRODUCT', NULL, NULL, NULL, NULL, NULL, NULL, NULL, NULL, NULL, NULL, NULL, NULL, '2020-09-07 17:00:00', NULL, '2020-09-07 17:00:00', NULL, NULL),
	(526, '102030001', 'เลิก-บ.CAT EDI', 'PRODUCT', NULL, NULL, NULL, NULL, NULL, NULL, NULL, NULL, NULL, NULL, NULL, NULL, '2020-09-07 17:00:00', NULL, '2020-09-07 17:00:00', NULL, NULL),
	(527, '102030002', 'เลิก-บ.VIDEO CONFE', 'PRODUCT', NULL, NULL, NULL, NULL, NULL, NULL, NULL, NULL, NULL, NULL, NULL, NULL, '2020-09-07 17:00:00', NULL, '2020-09-07 17:00:00', NULL, NULL),
	(528, '102030003', 'เลิก-บ.DATA (FM)', 'PRODUCT', NULL, NULL, NULL, NULL, NULL, NULL, NULL, NULL, NULL, NULL, NULL, NULL, '2020-09-07 17:00:00', NULL, '2020-09-07 17:00:00', NULL, NULL),
	(529, '102030004', 'เลิก-CATMail Gateway', 'PRODUCT', NULL, NULL, NULL, NULL, NULL, NULL, NULL, NULL, NULL, NULL, NULL, NULL, '2020-09-07 17:00:00', NULL, '2020-09-07 17:00:00', NULL, NULL),
	(530, '102030005', 'เลิก-บ.DATA(IDC)', 'PRODUCT', NULL, NULL, NULL, NULL, NULL, NULL, NULL, NULL, NULL, NULL, NULL, NULL, '2020-09-07 17:00:00', NULL, '2020-09-07 17:00:00', NULL, NULL),
	(531, '102030006', 'เลิก-JIGSAW PROGRAM', 'PRODUCT', NULL, NULL, NULL, NULL, NULL, NULL, NULL, NULL, NULL, NULL, NULL, NULL, '2020-09-07 17:00:00', NULL, '2020-09-07 17:00:00', NULL, NULL),
	(532, '102030007', 'เลิก-บ.ใบรับรองอิเลก', 'PRODUCT', NULL, NULL, NULL, NULL, NULL, NULL, NULL, NULL, NULL, NULL, NULL, NULL, '2020-09-07 17:00:00', NULL, '2020-09-07 17:00:00', NULL, NULL),
	(533, '102030008', 'เลิก-บ.CAT4SMS Post', 'PRODUCT', NULL, NULL, NULL, NULL, NULL, NULL, NULL, NULL, NULL, NULL, NULL, NULL, '2020-09-07 17:00:00', NULL, '2020-09-07 17:00:00', NULL, NULL),
	(534, '102030009', 'เลิก-บ.CAT4SMS Pre', 'PRODUCT', NULL, NULL, NULL, NULL, NULL, NULL, NULL, NULL, NULL, NULL, NULL, NULL, '2020-09-07 17:00:00', NULL, '2020-09-07 17:00:00', NULL, NULL),
	(535, '102030010', 'บ.ISI', 'PRODUCT', NULL, NULL, NULL, NULL, NULL, NULL, NULL, NULL, NULL, NULL, NULL, NULL, '2020-09-07 17:00:00', NULL, '2020-09-07 17:00:00', NULL, NULL),
	(536, 'VAT_RATE', '7', 'VAT', NULL, NULL, '1', NULL, NULL, NULL, NULL, NULL, NULL, NULL, NULL, 'EPIS0', '2020-09-07 17:00:00', 'EPIS0', '2020-09-07 17:00:00', NULL, NULL),
	(537, '1723', 'ส่วนบริหารการรับชำระผ่านตัวแทน', 'BUSINESS_AREA', NULL, NULL, NULL, NULL, NULL, '00000', '1J00200', NULL, NULL, NULL, NULL, 'EPIS0', '2020-09-07 17:00:00', 'EPIS0', '2020-09-07 17:00:00', NULL, NULL),
	(538, 'VAT00', '0', 'VAT', NULL, NULL, '2', NULL, NULL, NULL, NULL, NULL, NULL, NULL, NULL, 'EPIS0', '2020-09-07 17:00:00', 'EPIS0', '2020-09-07 17:00:00', NULL, NULL),
	(539, 'Non-VAT', 'Non-VAT', 'VAT', NULL, NULL, '3', NULL, NULL, NULL, NULL, NULL, NULL, NULL, NULL, 'EPIS0', '2020-09-07 17:00:00', 'EPIS0', '2020-09-07 17:00:00', NULL, NULL),
	(540, '102030011', 'เลิก-บ.Web Casting', 'PRODUCT', NULL, NULL, NULL, NULL, NULL, NULL, NULL, NULL, NULL, NULL, NULL, NULL, '2020-09-07 17:00:00', NULL, '2020-09-07 17:00:00', NULL, NULL),
	(541, '102030012', 'เลิก-CAT ringEmail', 'PRODUCT', NULL, NULL, NULL, NULL, NULL, NULL, NULL, NULL, NULL, NULL, NULL, NULL, '2020-09-07 17:00:00', NULL, '2020-09-07 17:00:00', NULL, NULL),
	(542, '102030013', 'เลิก-บ.CAT SMS Vote', 'PRODUCT', NULL, NULL, NULL, NULL, NULL, NULL, NULL, NULL, NULL, NULL, NULL, NULL, '2020-09-07 17:00:00', NULL, '2020-09-07 17:00:00', NULL, NULL),
	(543, '102030014', 'เลิก-บ.CAT Clever', 'PRODUCT', NULL, NULL, NULL, NULL, NULL, NULL, NULL, NULL, NULL, NULL, NULL, NULL, '2020-09-07 17:00:00', NULL, '2020-09-07 17:00:00', NULL, NULL),
	(544, '102030015', 'เลิก-บ. CAT myRadio', 'PRODUCT', NULL, NULL, NULL, NULL, NULL, NULL, NULL, NULL, NULL, NULL, NULL, NULL, '2020-09-07 17:00:00', NULL, '2020-09-07 17:00:00', NULL, NULL),
	(545, '102030016', 'เลิก-บ. CAT myStudio', 'PRODUCT', NULL, NULL, NULL, NULL, NULL, NULL, NULL, NULL, NULL, NULL, NULL, NULL, '2020-09-07 17:00:00', NULL, '2020-09-07 17:00:00', NULL, NULL),
	(546, '102030017', 'บ.C NEMA', 'PRODUCT', NULL, NULL, NULL, NULL, NULL, NULL, NULL, NULL, NULL, NULL, NULL, NULL, '2020-09-07 17:00:00', NULL, '2020-09-07 17:00:00', NULL, NULL),
	(547, '102030018', 'บ.สื่อโฆษณาประชาสัมพ', 'PRODUCT', NULL, NULL, NULL, NULL, NULL, NULL, NULL, NULL, NULL, NULL, NULL, NULL, '2020-09-07 17:00:00', NULL, '2020-09-07 17:00:00', NULL, NULL),
	(548, '102034000', 'เลิก-บ.VAS-ส.Non', 'PRODUCT', NULL, NULL, NULL, NULL, NULL, NULL, NULL, NULL, NULL, NULL, NULL, NULL, '2020-09-07 17:00:00', NULL, '2020-09-07 17:00:00', NULL, NULL),
	(549, '1', 'ธนาคารกรุงไทย', 'EDC_CREDIT_CARD_BANK', NULL, 'Y', NULL, NULL, NULL, 'KTB', NULL, NULL, NULL, NULL, NULL, 'EPIS0', '2020-09-07 17:00:00', 'EPIS0', '2020-09-07 17:00:00', NULL, NULL),
	(550, '2', 'ธนาคารกรุงเทพ', 'EDC_CREDIT_CARD_BANK', NULL, 'Y', NULL, NULL, NULL, 'BBL', NULL, NULL, NULL, NULL, NULL, 'EPIS0', '2020-09-07 17:00:00', 'EPIS0', '2020-09-07 17:00:00', NULL, NULL),
	(551, '3', 'ธนาคารกรุงศรีอยุธยา', 'EDC_CREDIT_CARD_BANK', NULL, 'Y', NULL, NULL, NULL, 'BAY', NULL, NULL, NULL, NULL, NULL, 'EPIS0', '2020-09-07 17:00:00', 'EPIS0', '2020-09-07 17:00:00', NULL, NULL),
	(552, '1514', 'สำนักงานบริการลูกค้า กสท หาดใหญ่', 'BUSINESS_AREA', NULL, 'Y', NULL, NULL, NULL, '01219', '1J10130', NULL, NULL, NULL, NULL, 'EPIS0', '2020-09-07 17:00:00', 'EPIS0', '2020-09-07 17:00:00', NULL, NULL),
	(553, '1515', 'สำนักงานบริการลูกค้า กสท ภูเก็ต', 'BUSINESS_AREA', NULL, 'Y', NULL, NULL, NULL, '01220', '1J10125', NULL, NULL, NULL, NULL, 'EPIS0', '2020-09-07 17:00:00', 'EPIS0', '2020-09-07 17:00:00', NULL, NULL),
	(554, '1516', 'สำนักงานบริการลูกค้า กสท สุราษฎร์ธานี', 'BUSINESS_AREA', NULL, 'Y', NULL, NULL, NULL, '01225', '1J10127', NULL, NULL, NULL, NULL, 'EPIS0', '2020-09-07 17:00:00', 'EPIS0', '2020-09-07 17:00:00', NULL, NULL),
	(555, '1517', 'สำนักงานบริการลูกค้า กสท ป่าตอง', 'BUSINESS_AREA', NULL, 'Y', NULL, NULL, NULL, '01252', '1J10126', NULL, NULL, NULL, NULL, 'EPIS0', '2020-09-07 17:00:00', 'EPIS0', '2020-09-07 17:00:00', NULL, NULL),
	(556, '1518', 'สำนักงานบริการลูกค้า กสท สงขลา', 'BUSINESS_AREA', NULL, 'Y', NULL, NULL, NULL, '01328', '1J10129', NULL, NULL, NULL, NULL, 'EPIS0', '2020-09-07 17:00:00', 'EPIS0', '2020-09-07 17:00:00', NULL, NULL),
	(557, '1519', 'สำนักงานบริการลูกค้า กสท แคท ซีดีเอ็มเอ ภูเก็ต', 'BUSINESS_AREA', NULL, 'Y', NULL, NULL, NULL, '01366', '1J10125', NULL, NULL, NULL, NULL, 'EPIS0', '2020-09-07 17:00:00', 'EPIS0', '2020-09-07 17:00:00', NULL, NULL),
	(558, '1520', 'สำนักงานบริการลูกค้า กสท CAT Shop หาดใหญ่', 'BUSINESS_AREA', NULL, 'Y', NULL, NULL, NULL, '01376', '1J10130', NULL, NULL, NULL, NULL, 'EPIS0', '2020-09-07 17:00:00', 'EPIS0', '2020-09-07 17:00:00', NULL, NULL),
	(559, '1521', 'สำนักงานบริการลูกค้า กสท สุราษฎร์ธานี (เซ็นทรัล)', 'BUSINESS_AREA', NULL, 'Y', NULL, NULL, NULL, '01386', '1J10127', NULL, NULL, NULL, NULL, 'EPIS0', '2020-09-07 17:00:00', 'EPIS0', '2020-09-07 17:00:00', NULL, NULL),
	(560, '1600', 'สำนักงานบริการลูกค้า กสท เขตตะวันตก', 'BUSINESS_AREA', NULL, 'Y', NULL, NULL, NULL, '01264', NULL, NULL, NULL, NULL, NULL, 'EPIS0', '2020-09-07 17:00:00', 'EPIS0', '2020-09-07 17:00:00', NULL, NULL),
	(561, '1601', 'สำนักงานบริการลูกค้า กสท นครปฐม', 'BUSINESS_AREA', NULL, 'Y', NULL, NULL, NULL, '01131', '1J10224', NULL, NULL, NULL, NULL, 'EPIS0', '2020-09-07 17:00:00', 'EPIS0', '2020-09-07 17:00:00', NULL, NULL),
	(562, '1602', 'สำนักงานบริการลูกค้า กสท ประจวบคีรีขันธ์', 'BUSINESS_AREA', NULL, 'Y', NULL, NULL, NULL, '01132', '1J10230', NULL, NULL, NULL, NULL, 'EPIS0', '2020-09-07 17:00:00', 'EPIS0', '2020-09-07 17:00:00', NULL, NULL),
	(563, '1603', 'สำนักงานบริการลูกค้า กสท หัวหิน', 'BUSINESS_AREA', NULL, 'Y', NULL, NULL, NULL, '01133', '1J10231', NULL, NULL, NULL, NULL, 'EPIS0', '2020-09-07 17:00:00', 'EPIS0', '2020-09-07 17:00:00', NULL, NULL),
	(564, '1604', 'สำนักงานบริการลูกค้า กสท บ้านโป่ง', 'BUSINESS_AREA', NULL, 'Y', NULL, NULL, NULL, '01135', '1J10221', NULL, NULL, NULL, NULL, 'EPIS0', '2020-09-07 17:00:00', 'EPIS0', '2020-09-07 17:00:00', NULL, NULL),
	(565, '1605', 'สำนักงานบริการลูกค้า กสท สมุทรสาคร', 'BUSINESS_AREA', NULL, 'Y', NULL, NULL, NULL, '01137', '1J10225', NULL, NULL, NULL, NULL, 'EPIS0', '2020-09-07 17:00:00', 'EPIS0', '2020-09-07 17:00:00', NULL, NULL),
	(566, '1606', 'สำนักงานบริการลูกค้า กสท สุพรรณบุรี', 'BUSINESS_AREA', NULL, 'Y', NULL, NULL, NULL, '01138', '1J10223', NULL, NULL, NULL, NULL, 'EPIS0', '2020-09-07 17:00:00', 'EPIS0', '2020-09-07 17:00:00', NULL, NULL),
	(567, '1607', 'สำนักงานบริการลูกค้า กสท กาญจนบุรี', 'BUSINESS_AREA', NULL, 'Y', NULL, NULL, NULL, '01139', '1J10222', NULL, NULL, NULL, NULL, 'EPIS0', '2020-09-07 17:00:00', 'EPIS0', '2020-09-07 17:00:00', NULL, NULL),
	(568, '1608', 'สำนักงานบริการลูกค้า กสท ราชบุรี', 'BUSINESS_AREA', NULL, 'Y', NULL, NULL, NULL, '01140', '1J10220', NULL, NULL, NULL, NULL, 'EPIS0', '2020-09-07 17:00:00', 'EPIS0', '2020-09-07 17:00:00', NULL, NULL),
	(569, '1609', 'สำนักงานบริการลูกค้า กสท เพชรบุรี', 'BUSINESS_AREA', NULL, 'Y', NULL, NULL, NULL, '01144', '1J10228', NULL, NULL, NULL, NULL, 'EPIS0', '2020-09-07 17:00:00', 'EPIS0', '2020-09-07 17:00:00', NULL, NULL),
	(570, '1610', 'สำนักงานบริการลูกค้า กสท สมุทรสงคราม', 'BUSINESS_AREA', NULL, 'Y', NULL, NULL, NULL, '01146', '1J10227', NULL, NULL, NULL, NULL, 'EPIS0', '2020-09-07 17:00:00', 'EPIS0', '2020-09-07 17:00:00', NULL, NULL),
	(571, '1611', 'สำนักงานบริการลูกค้า กสท ระนอง', 'BUSINESS_AREA', NULL, 'Y', NULL, NULL, NULL, '01204', '1J10232', NULL, NULL, NULL, NULL, 'EPIS0', '2020-09-07 17:00:00', 'EPIS0', '2020-09-07 17:00:00', NULL, NULL),
	(572, '1612', 'สำนักงานบริการลูกค้า กสท ชุมพร', 'BUSINESS_AREA', NULL, 'Y', NULL, NULL, NULL, '01207', '1J10233', NULL, NULL, NULL, NULL, 'EPIS0', '2020-09-07 17:00:00', 'EPIS0', '2020-09-07 17:00:00', NULL, NULL),
	(573, '1613', 'สำนักงานบริการลูกค้า กสท กระทุ่มแบน', 'BUSINESS_AREA', NULL, 'Y', NULL, NULL, NULL, '01317', '1J10226', NULL, NULL, NULL, NULL, 'EPIS0', '2020-09-07 17:00:00', 'EPIS0', '2020-09-07 17:00:00', NULL, NULL),
	(574, '1614', 'สำนักงานบริการลูกค้า กสท ชะอำ', 'BUSINESS_AREA', NULL, 'Y', NULL, NULL, NULL, '01318', '1J10229', NULL, NULL, NULL, NULL, 'EPIS0', '2020-09-07 17:00:00', 'EPIS0', '2020-09-07 17:00:00', NULL, NULL),
	(575, '1700', 'ฝ่ายพัฒนาธุรกิจการตลาดลูกค้ารายย่อย', 'BUSINESS_AREA', NULL, 'Y', NULL, NULL, NULL, '00000', '1J60400', NULL, NULL, NULL, NULL, 'EPIS0', '2020-09-07 17:00:00', 'EPIS0', '2020-09-07 17:00:00', NULL, NULL),
	(576, '1701', 'ศูนย์บริการลูกค้า บางรัก (อาคาร 16)', 'BUSINESS_AREA', NULL, 'Y', NULL, NULL, NULL, '01330', '1J60409', NULL, NULL, NULL, NULL, 'EPIS0', '2020-09-07 17:00:00', 'EPIS0', '2020-09-07 17:00:00', NULL, NULL),
	(577, '1702', 'ศูนย์บริการลูกค้า สามเสนใน', 'BUSINESS_AREA', NULL, 'Y', NULL, NULL, NULL, '01333', '1J60410', NULL, NULL, NULL, NULL, 'EPIS0', '2020-09-07 17:00:00', 'EPIS0', '2020-09-07 17:00:00', NULL, NULL),
	(578, '1703', 'ศูนย์บริการลูกค้า มีนบุรี', 'BUSINESS_AREA', NULL, 'Y', NULL, NULL, NULL, '01334', '1J60411', NULL, NULL, NULL, NULL, 'EPIS0', '2020-09-07 17:00:00', 'EPIS0', '2020-09-07 17:00:00', NULL, NULL),
	(579, '1704', 'ศูนย์บริการลูกค้า นนทบุรี', 'BUSINESS_AREA', NULL, 'Y', NULL, NULL, NULL, '01335', '1J60414', NULL, NULL, NULL, NULL, 'EPIS0', '2020-09-07 17:00:00', 'EPIS0', '2020-09-07 17:00:00', NULL, NULL),
	(580, '1705', 'ศูนย์บริการลูกค้า ราชดำเนิน', 'BUSINESS_AREA', NULL, 'Y', NULL, NULL, NULL, '01336', '1J60409', NULL, NULL, NULL, NULL, 'EPIS0', '2020-09-07 17:00:00', 'EPIS0', '2020-09-07 17:00:00', NULL, NULL),
	(581, '1706', 'ศูนย์บริการลูกค้า สมุทรปราการ', 'BUSINESS_AREA', NULL, 'Y', NULL, NULL, NULL, '01337', '1J60412', NULL, NULL, NULL, NULL, 'EPIS0', '2020-09-07 17:00:00', 'EPIS0', '2020-09-07 17:00:00', NULL, NULL),
	(582, '1707', 'ศูนย์บริการลูกค้า เซ็นทรัลพลาซ่า พระราม 2', 'BUSINESS_AREA', NULL, 'Y', NULL, NULL, NULL, '01343', '1J60413', NULL, NULL, NULL, NULL, 'EPIS0', '2020-09-07 17:00:00', 'EPIS0', '2020-09-07 17:00:00', NULL, NULL),
	(583, '1708', 'ศูนย์บริการลูกค้า สุขุมวิท', 'BUSINESS_AREA', NULL, 'Y', NULL, NULL, NULL, '01344', '1J60412', NULL, NULL, NULL, NULL, 'EPIS0', '2020-09-07 17:00:00', 'EPIS0', '2020-09-07 17:00:00', NULL, NULL),
	(584, '1709', 'ศูนย์บริการลูกค้า เอ็นมาร์คพลาซ่า', 'BUSINESS_AREA', NULL, 'Y', NULL, NULL, NULL, '01345', '1J60411', NULL, NULL, NULL, NULL, 'EPIS0', '2020-09-07 17:00:00', 'EPIS0', '2020-09-07 17:00:00', NULL, NULL),
	(585, '1710', 'ศูนย์บริการลูกค้า เดอะมอลล์รามคำแหง', 'BUSINESS_AREA', NULL, 'Y', NULL, NULL, NULL, '01346', '1J60411', NULL, NULL, NULL, NULL, 'EPIS0', '2020-09-07 17:00:00', 'EPIS0', '2020-09-07 17:00:00', NULL, NULL),
	(586, '1711', 'ศูนย์บริการลูกค้า เดอะมอลล์บางแค', 'BUSINESS_AREA', NULL, 'Y', NULL, NULL, NULL, '01347', '1J60413', NULL, NULL, NULL, NULL, 'EPIS0', '2020-09-07 17:00:00', 'EPIS0', '2020-09-07 17:00:00', NULL, NULL),
	(587, '1712', 'ศูนย์บริการลูกค้า เดอะมอลล์ท่าพระ', 'BUSINESS_AREA', NULL, 'Y', NULL, NULL, NULL, '01348', '1J60409', NULL, NULL, NULL, NULL, 'EPIS0', '2020-09-07 17:00:00', 'EPIS0', '2020-09-07 17:00:00', NULL, NULL),
	(588, '1713', 'ศูนย์บริการลูกค้า คลองหลวง', 'BUSINESS_AREA', NULL, 'Y', NULL, NULL, NULL, '01350', '1J60414', NULL, NULL, NULL, NULL, 'EPIS0', '2020-09-07 17:00:00', 'EPIS0', '2020-09-07 17:00:00', NULL, NULL),
	(589, '1714', 'ศูนย์บริการลูกค้า ยานนาวา', 'BUSINESS_AREA', NULL, 'Y', NULL, NULL, NULL, '01351', '1J60409', NULL, NULL, NULL, NULL, 'EPIS0', '2020-09-07 17:00:00', 'EPIS0', '2020-09-07 17:00:00', NULL, NULL),
	(590, '1715', 'CAT TELECOM INTERNATIONAL TRAN', 'BUSINESS_AREA', NULL, 'Y', NULL, NULL, NULL, '01370', '1J60415', NULL, NULL, NULL, NULL, 'EPIS0', '2020-09-07 17:00:00', 'EPIS0', '2020-09-07 17:00:00', NULL, NULL),
	(591, '1716', 'ศูนย์บริการลูกค้า จัตุรัสจามจุรี', 'BUSINESS_AREA', NULL, 'Y', NULL, NULL, NULL, '01379', '1J60410', NULL, NULL, NULL, NULL, 'EPIS0', '2020-09-07 17:00:00', 'EPIS0', '2020-09-07 17:00:00', NULL, NULL),
	(592, '1717', 'ศูนย์บริการลูกค้า แจ้งวัฒนะ', 'BUSINESS_AREA', NULL, 'Y', NULL, NULL, NULL, '00000', '1J60410', NULL, NULL, NULL, NULL, 'EPIS0', '2020-09-07 17:00:00', 'EPIS0', '2020-09-07 17:00:00', NULL, NULL),
	(593, '1719', 'ศูนย์บริการลูกค้า อาคาร CAT TOWER', 'BUSINESS_AREA', NULL, 'Y', NULL, NULL, NULL, '01349', '1J60409', NULL, NULL, NULL, NULL, 'EPIS0', '2020-09-07 17:00:00', 'EPIS0', '2020-09-07 17:00:00', NULL, NULL),
	(594, '1721', 'ศูนย์บริการลูกค้า ธนบุรี', 'BUSINESS_AREA', NULL, 'Y', NULL, NULL, NULL, '01388', '1J60413', NULL, NULL, NULL, NULL, 'EPIS0', '2020-09-07 17:00:00', 'EPIS0', '2020-09-07 17:00:00', NULL, NULL),
	(595, '1722', 'ศูนย์บริการลูกค้า เมกา บางนา', 'BUSINESS_AREA', NULL, 'Y', NULL, NULL, NULL, '01389', '1J60412', NULL, NULL, NULL, NULL, 'EPIS0', '2020-09-07 17:00:00', 'EPIS0', '2020-09-07 17:00:00', NULL, NULL),
	(596, '001', 'ธ.แห่งประเทศไทย', 'BANK_TYPE', NULL, 'Y', '1', NULL, NULL, NULL, NULL, NULL, NULL, NULL, NULL, NULL, '2020-09-07 17:00:00', NULL, '2020-09-07 17:00:00', NULL, NULL),
	(597, '002', 'ธ.กรุงเทพ จำกัด(มหาชน)', 'BANK_TYPE', NULL, 'Y', '2', NULL, NULL, NULL, NULL, NULL, NULL, NULL, NULL, NULL, '2020-09-07 17:00:00', NULL, '2020-09-07 17:00:00', NULL, NULL),
	(598, '004', 'ธ.กสิกรไทย จำกัด(มหาชน)', 'BANK_TYPE', NULL, 'Y', '3', NULL, NULL, NULL, NULL, NULL, NULL, NULL, NULL, NULL, '2020-09-07 17:00:00', NULL, '2020-09-07 17:00:00', NULL, NULL),
	(599, '005', 'The Royal Bank of Scotland', 'BANK_TYPE', NULL, 'Y', '4', NULL, NULL, NULL, NULL, NULL, NULL, NULL, NULL, NULL, '2020-09-07 17:00:00', NULL, '2020-09-07 17:00:00', NULL, NULL),
	(600, '006', 'ธ.กรุงไทย จำกัด(มหาชน)', 'BANK_TYPE', NULL, 'Y', '5', NULL, NULL, '1', NULL, NULL, NULL, NULL, NULL, NULL, '2020-09-07 17:00:00', NULL, '2020-09-07 17:00:00', NULL, NULL),
	(601, '007', 'ธ.สแตนดาร์ดชาร์เตอร์ด ', 'BANK_TYPE', NULL, 'Y', '6', NULL, NULL, NULL, NULL, NULL, NULL, NULL, NULL, NULL, '2020-09-07 17:00:00', NULL, '2020-09-07 17:00:00', NULL, NULL),
	(602, '008', 'ธ.เจพี มอร์แกน เชส', 'BANK_TYPE', NULL, 'Y', '7', NULL, NULL, NULL, NULL, NULL, NULL, NULL, NULL, NULL, '2020-09-07 17:00:00', NULL, '2020-09-07 17:00:00', NULL, NULL),
	(603, '009', 'ธ.โอเวอร์ซี-ไชนีสแบงกิ้งคอร์ปอเรชั่น', 'BANK_TYPE', NULL, 'Y', '8', NULL, NULL, NULL, NULL, NULL, NULL, NULL, NULL, NULL, '2020-09-07 17:00:00', NULL, '2020-09-07 17:00:00', NULL, NULL),
	(604, '010', 'ธ.แห่งโตเกียว-มิตซูบิชิ', 'BANK_TYPE', NULL, 'Y', '9', NULL, NULL, NULL, NULL, NULL, NULL, NULL, NULL, NULL, '2020-09-07 17:00:00', NULL, '2020-09-07 17:00:00', NULL, NULL),
	(605, '011', 'ธ.ทหารไทย จำกัด(มหาชน)', 'BANK_TYPE', NULL, 'Y', '10', NULL, NULL, NULL, NULL, NULL, NULL, NULL, NULL, NULL, '2020-09-07 17:00:00', NULL, '2020-09-07 17:00:00', NULL, NULL),
	(606, '012', 'ธ.ดีบีเอส ไทยทนุ จำกัด(มหาชน)', 'BANK_TYPE', NULL, 'Y', '11', NULL, NULL, NULL, NULL, NULL, NULL, NULL, NULL, NULL, '2020-09-07 17:00:00', NULL, '2020-09-07 17:00:00', NULL, NULL),
	(607, '013', 'ธ.มหานคร จำกัด(มหาชน)', 'BANK_TYPE', NULL, 'Y', '12', NULL, NULL, NULL, NULL, NULL, NULL, NULL, NULL, NULL, '2020-09-07 17:00:00', NULL, '2020-09-07 17:00:00', NULL, NULL),
	(608, '014', 'ธ.ไทยพาณิชย์ จำกัด(มหาชน)', 'BANK_TYPE', NULL, 'Y', '13', NULL, NULL, NULL, NULL, NULL, NULL, NULL, NULL, NULL, '2020-09-07 17:00:00', NULL, '2020-09-07 17:00:00', NULL, NULL),
	(609, '015', 'ธ.นครหลวงไทย จำกัด(มหาชน)', 'BANK_TYPE', NULL, 'Y', '14', NULL, NULL, NULL, NULL, NULL, NULL, NULL, NULL, NULL, '2020-09-07 17:00:00', NULL, '2020-09-07 17:00:00', NULL, NULL),
	(610, '017', 'ธ.ซิตี้แบงก์, เอ็น.เอ.', 'BANK_TYPE', NULL, 'Y', '15', NULL, NULL, NULL, NULL, NULL, NULL, NULL, NULL, NULL, '2020-09-07 17:00:00', NULL, '2020-09-07 17:00:00', NULL, NULL),
	(611, '018', 'ธ.ซูมิโตโม - มิตซุย แบงกิ้ง คอร์ปอเรชั่น', 'BANK_TYPE', NULL, 'Y', '16', NULL, NULL, NULL, NULL, NULL, NULL, NULL, NULL, NULL, '2020-09-07 17:00:00', NULL, '2020-09-07 17:00:00', NULL, NULL),
	(612, '019', 'ธ.ยูโอบี รัตนสิน จำกัด(มหาชน)', 'BANK_TYPE', NULL, 'Y', '17', NULL, NULL, NULL, NULL, NULL, NULL, NULL, NULL, NULL, '2020-09-07 17:00:00', NULL, '2020-09-07 17:00:00', NULL, NULL),
	(613, '020', 'ธ.สแตนดาร์ดชาร์เตอร์ (ไทย)  จำกัด (มหาชน)', 'BANK_TYPE', NULL, 'Y', '18', NULL, NULL, NULL, NULL, NULL, NULL, NULL, NULL, NULL, '2020-09-07 17:00:00', NULL, '2020-09-07 17:00:00', NULL, NULL),
	(614, '021', 'ธ.นครหลวงไทย จำกัด(2)(มหาชน)', 'BANK_TYPE', NULL, 'Y', '19', NULL, NULL, NULL, NULL, NULL, NULL, NULL, NULL, NULL, '2020-09-07 17:00:00', NULL, '2020-09-07 17:00:00', NULL, NULL),
	(615, '022', 'ธ.ซีไอเอ็มบี ไทย จำกัด(มหาชน)', 'BANK_TYPE', NULL, 'Y', '20', NULL, NULL, NULL, NULL, NULL, NULL, NULL, NULL, NULL, '2020-09-07 17:00:00', NULL, '2020-09-07 17:00:00', NULL, NULL),
	(616, '023', 'ธ.อาร์ เอช บี', 'BANK_TYPE', NULL, 'Y', '21', NULL, NULL, NULL, NULL, NULL, NULL, NULL, NULL, NULL, '2020-09-07 17:00:00', NULL, '2020-09-07 17:00:00', NULL, NULL),
	(617, '024', 'ธ.ยูโอบี จำกัด(มหาชน)', 'BANK_TYPE', NULL, 'Y', '22', NULL, NULL, NULL, NULL, NULL, NULL, NULL, NULL, NULL, '2020-09-07 17:00:00', NULL, '2020-09-07 17:00:00', NULL, NULL),
	(618, '025', 'ธ.กรุงศรีอยุธยา จำกัด(มหาชน)', 'BANK_TYPE', NULL, 'Y', '23', NULL, NULL, NULL, NULL, NULL, NULL, NULL, NULL, NULL, '2020-09-07 17:00:00', NULL, '2020-09-07 17:00:00', NULL, NULL),
	(619, '026', 'ธ.เมกะ สากลพาณิชย์ จำกัด (มหาชน)', 'BANK_TYPE', NULL, 'Y', '24', NULL, NULL, NULL, NULL, NULL, NULL, NULL, NULL, NULL, '2020-09-07 17:00:00', NULL, '2020-09-07 17:00:00', NULL, NULL),
	(620, '027', 'ธ.แห่งอเมริกา เนชั่นแนล แอสโซซิเอชั่น', 'BANK_TYPE', NULL, 'Y', '25', NULL, NULL, NULL, NULL, NULL, NULL, NULL, NULL, NULL, '2020-09-07 17:00:00', NULL, '2020-09-07 17:00:00', NULL, NULL),
	(621, '028', 'ธ.เครดิต อะกริกอล', 'BANK_TYPE', NULL, 'Y', '26', NULL, NULL, NULL, NULL, NULL, NULL, NULL, NULL, NULL, '2020-09-07 17:00:00', NULL, '2020-09-07 17:00:00', NULL, NULL),
	(622, '029', 'ธ.อินเดียน โอเวอร์ซีส์', 'BANK_TYPE', NULL, 'Y', '27', NULL, NULL, NULL, NULL, NULL, NULL, NULL, NULL, NULL, '2020-09-07 17:00:00', NULL, '2020-09-07 17:00:00', NULL, NULL),
	(623, '030', 'ธ.ออมสิน', 'BANK_TYPE', NULL, 'Y', '28', NULL, NULL, NULL, NULL, NULL, NULL, NULL, NULL, NULL, '2020-09-07 17:00:00', NULL, '2020-09-07 17:00:00', NULL, NULL),
	(624, '031', 'ธ.ฮ่องกงและเซี่ยงไฮ้', 'BANK_TYPE', NULL, 'Y', '29', NULL, NULL, NULL, NULL, NULL, NULL, NULL, NULL, NULL, '2020-09-07 17:00:00', NULL, '2020-09-07 17:00:00', NULL, NULL),
	(625, '032', 'ธ.ดอยซ์แบงก์', 'BANK_TYPE', NULL, 'Y', '30', NULL, NULL, NULL, NULL, NULL, NULL, NULL, NULL, NULL, '2020-09-07 17:00:00', NULL, '2020-09-07 17:00:00', NULL, NULL),
	(626, '033', 'ธ.อาคารสงเคราะห์', 'BANK_TYPE', NULL, 'Y', '31', NULL, NULL, NULL, NULL, NULL, NULL, NULL, NULL, NULL, '2020-09-07 17:00:00', NULL, '2020-09-07 17:00:00', NULL, NULL),
	(627, '034', 'ธ.เพื่อการเกษตรและสหกรณ์(ธกส)', 'BANK_TYPE', NULL, 'Y', '32', NULL, NULL, NULL, NULL, NULL, NULL, NULL, NULL, NULL, '2020-09-07 17:00:00', NULL, '2020-09-07 17:00:00', NULL, NULL),
	(628, '035', 'ธ.เพื่อการส่งออกและนำเข้าแห่งประเทศไทย', 'BANK_TYPE', NULL, 'Y', '33', NULL, NULL, NULL, NULL, NULL, NULL, NULL, NULL, NULL, '2020-09-07 17:00:00', NULL, '2020-09-07 17:00:00', NULL, NULL),
	(629, '039', 'ธ.มิซูโฮ คอร์ปอเรต จำกัด', 'BANK_TYPE', NULL, 'Y', '34', NULL, NULL, NULL, NULL, NULL, NULL, NULL, NULL, NULL, '2020-09-07 17:00:00', NULL, '2020-09-07 17:00:00', NULL, NULL),
	(630, '040', 'ธ.เดรสด์เนอร์ เอจี', 'BANK_TYPE', NULL, 'Y', '35', NULL, NULL, NULL, NULL, NULL, NULL, NULL, NULL, NULL, '2020-09-07 17:00:00', NULL, '2020-09-07 17:00:00', NULL, NULL),
	(631, '045', 'ธ.บีเอ็นพี พารีบาส กรุงเทพฯ', 'BANK_TYPE', NULL, 'Y', '36', NULL, NULL, NULL, NULL, NULL, NULL, NULL, NULL, NULL, '2020-09-07 17:00:00', NULL, '2020-09-07 17:00:00', NULL, NULL),
	(632, '047', 'ธ.เพื่อการอุตสาหกรรมแห่งประเทศญี่ปุ่น', 'BANK_TYPE', NULL, 'Y', '37', NULL, NULL, NULL, NULL, NULL, NULL, NULL, NULL, NULL, '2020-09-07 17:00:00', NULL, '2020-09-07 17:00:00', NULL, NULL),
	(633, '052', 'ธ.แห่งประเทศจีน', 'BANK_TYPE', NULL, 'Y', '38', NULL, NULL, NULL, NULL, NULL, NULL, NULL, NULL, NULL, '2020-09-07 17:00:00', NULL, '2020-09-07 17:00:00', NULL, NULL),
	(634, '053', 'ธ.แห่งโนวาสโกเทีย', 'BANK_TYPE', NULL, 'Y', '39', NULL, NULL, NULL, NULL, NULL, NULL, NULL, NULL, NULL, '2020-09-07 17:00:00', NULL, '2020-09-07 17:00:00', NULL, NULL),
	(635, '065', 'ธ.ธนชาต จำกัด(มหาชน)', 'BANK_TYPE', NULL, 'Y', '40', NULL, NULL, NULL, NULL, NULL, NULL, NULL, NULL, NULL, '2020-09-07 17:00:00', NULL, '2020-09-07 17:00:00', NULL, NULL),
	(636, '066', 'ธ.อิสลามแห่งประเทศไทย', 'BANK_TYPE', NULL, 'Y', '41', NULL, NULL, NULL, NULL, NULL, NULL, NULL, NULL, NULL, '2020-09-07 17:00:00', NULL, '2020-09-07 17:00:00', NULL, NULL),
	(637, '067', 'ธ.ทิสโก้  จำกัด', 'BANK_TYPE', NULL, 'Y', '42', NULL, NULL, NULL, NULL, NULL, NULL, NULL, NULL, NULL, '2020-09-07 17:00:00', NULL, '2020-09-07 17:00:00', NULL, NULL),
	(638, '069', 'ธ.เกียรตินาคิน', 'BANK_TYPE', NULL, 'Y', '43', NULL, NULL, NULL, NULL, NULL, NULL, NULL, NULL, NULL, '2020-09-07 17:00:00', NULL, '2020-09-07 17:00:00', NULL, NULL),
	(639, '070', 'ธ.ไอซีบีซี(ไทย)', 'BANK_TYPE', NULL, 'Y', '44', NULL, NULL, NULL, NULL, NULL, NULL, NULL, NULL, NULL, '2020-09-07 17:00:00', NULL, '2020-09-07 17:00:00', NULL, NULL),
	(640, '071', 'ธ.ไทยเครดิต', 'BANK_TYPE', NULL, 'Y', '45', NULL, NULL, NULL, NULL, NULL, NULL, NULL, NULL, NULL, '2020-09-07 17:00:00', NULL, '2020-09-07 17:00:00', NULL, NULL),
	(641, '073', 'ธ.แลนด์แอนด์เฮ้าส์ จำกัด(มหาชน)', 'BANK_TYPE', NULL, 'Y', '46', NULL, NULL, NULL, NULL, NULL, NULL, NULL, NULL, NULL, '2020-09-07 17:00:00', NULL, '2020-09-07 17:00:00', NULL, NULL),
	(642, '079', 'ธ.เอเอ็นแซด (ไทย) จำกัด(มหาชน)', 'BANK_TYPE', NULL, 'Y', '47', NULL, NULL, NULL, NULL, NULL, NULL, NULL, NULL, NULL, '2020-09-07 17:00:00', NULL, '2020-09-07 17:00:00', NULL, NULL),
	(643, '098', 'ธ.ขนาดกลางและขนาดย่อมแห่งประเทศไทย', 'BANK_TYPE', NULL, 'Y', '48', NULL, NULL, NULL, NULL, NULL, NULL, NULL, NULL, NULL, '2020-09-07 17:00:00', NULL, '2020-09-07 17:00:00', NULL, NULL),
	(644, '804', 'Credit Card KBank', 'BANK_TYPE', NULL, 'Y', '49', NULL, NULL, NULL, NULL, NULL, NULL, NULL, NULL, NULL, '2020-09-07 17:00:00', NULL, '2020-09-07 17:00:00', NULL, NULL),
	(645, '806', 'Credit Card KTC', 'BANK_TYPE', NULL, 'Y', '50', NULL, NULL, NULL, NULL, NULL, NULL, NULL, NULL, NULL, '2020-09-07 17:00:00', NULL, '2020-09-07 17:00:00', NULL, NULL),
	(646, 'UNIT003', 'ชุด', 'OTHER_PAYMENT_UNIT', NULL, NULL, NULL, NULL, NULL, NULL, NULL, NULL, NULL, NULL, NULL, 'EPIS00', '2020-09-07 17:00:00', 'EPIS00', '2020-09-07 17:00:00', NULL, NULL),
	(647, 'UNIT002', 'ครั้ง', 'OTHER_PAYMENT_UNIT', NULL, NULL, NULL, NULL, NULL, NULL, NULL, NULL, NULL, NULL, NULL, NULL, '2020-09-07 17:00:00', NULL, '2020-09-07 17:00:00', NULL, NULL),
	(648, 'UNIT004', 'เล่ม', 'OTHER_PAYMENT_UNIT', NULL, NULL, NULL, NULL, NULL, NULL, NULL, NULL, NULL, NULL, NULL, 'EPIS00', '2020-09-07 17:00:00', 'EPIS00', '2020-09-07 17:00:00', NULL, NULL),
	(649, 'UNIT001', 'รายการ', 'OTHER_PAYMENT_UNIT', NULL, NULL, NULL, NULL, NULL, NULL, NULL, NULL, NULL, NULL, NULL, 'EPIS00', '2020-09-07 17:00:00', 'EPIS00', '2020-09-07 17:00:00', NULL, NULL),
	(650, '13', 'นิติบุคคล', 'OTHER_TEMP_CUSTOMER_SEGMENT', NULL, NULL, '1', NULL, NULL, 'Business', '1134', NULL, NULL, '3TRE_AVERAGE_CHARGE', NULL, 'EPIS00', '2020-09-07 17:00:00', 'EPIS00', '2020-09-07 17:00:00', NULL, NULL),
	(651, '1306', 'สำนักงานบริการลูกค้า กสท ศรีสะเกษ', 'BUSINESS_AREA', NULL, 'Y', NULL, NULL, NULL, '01175', '1J30124', NULL, NULL, NULL, NULL, 'EPIS0', '2020-09-07 17:00:00', 'EPIS0', '2020-09-07 17:00:00', NULL, NULL),
	(652, '1307', 'สำนักงานบริการลูกค้า กสท ร้อยเอ็ด', 'BUSINESS_AREA', NULL, 'Y', NULL, NULL, NULL, '01176', '1J30138', NULL, NULL, NULL, NULL, 'EPIS0', '2020-09-07 17:00:00', 'EPIS0', '2020-09-07 17:00:00', NULL, NULL),
	(653, '1308', 'สำนักงานบริการลูกค้า กสท หนองคาย', 'BUSINESS_AREA', NULL, 'Y', NULL, NULL, NULL, '01177', '1J30135', NULL, NULL, NULL, NULL, 'EPIS0', '2020-09-07 17:00:00', 'EPIS0', '2020-09-07 17:00:00', NULL, NULL),
	(654, '1309', 'สำนักงานบริการลูกค้า กสท บุรีรัมย์', 'BUSINESS_AREA', NULL, 'Y', NULL, NULL, NULL, '01178', '1J30122', NULL, NULL, NULL, NULL, 'EPIS0', '2020-09-07 17:00:00', 'EPIS0', '2020-09-07 17:00:00', NULL, NULL),
	(655, '1310', 'สำนักงานบริการลูกค้า กสท เลย', 'BUSINESS_AREA', NULL, 'Y', NULL, NULL, NULL, '01179', '1J30134', NULL, NULL, NULL, NULL, 'EPIS0', '2020-09-07 17:00:00', 'EPIS0', '2020-09-07 17:00:00', NULL, NULL),
	(656, '1311', 'สำนักงานบริการลูกค้า กสท ชัยภูมิ', 'BUSINESS_AREA', NULL, 'Y', NULL, NULL, NULL, '01180', '1J30127', NULL, NULL, NULL, NULL, 'EPIS0', '2020-09-07 17:00:00', 'EPIS0', '2020-09-07 17:00:00', NULL, NULL),
	(657, '1312', 'สำนักงานบริการลูกค้า กสท มหาสารคาม', 'BUSINESS_AREA', NULL, 'Y', NULL, NULL, NULL, '01181', '1J30137', NULL, NULL, NULL, NULL, 'EPIS0', '2020-09-07 17:00:00', 'EPIS0', '2020-09-07 17:00:00', NULL, NULL),
	(658, '1313', 'สำนักงานบริการลูกค้า กสท กาฬสินธุ์', 'BUSINESS_AREA', NULL, 'Y', NULL, NULL, NULL, '01182', '1J30139', NULL, NULL, NULL, NULL, 'EPIS0', '2020-09-07 17:00:00', 'EPIS0', '2020-09-07 17:00:00', NULL, NULL),
	(659, '1314', 'สำนักงานบริการลูกค้า กสท ยโสธร', 'BUSINESS_AREA', NULL, 'Y', NULL, NULL, NULL, '01183', '1J30126', NULL, NULL, NULL, NULL, 'EPIS0', '2020-09-07 17:00:00', 'EPIS0', '2020-09-07 17:00:00', NULL, NULL),
	(660, '1315', 'สำนักงานบริการลูกค้า กสท นครพนม', 'BUSINESS_AREA', NULL, 'Y', NULL, NULL, NULL, '01184', '1J30141', NULL, NULL, NULL, NULL, 'EPIS0', '2020-09-07 17:00:00', 'EPIS0', '2020-09-07 17:00:00', NULL, NULL),
	(661, '1316', 'สำนักงานบริการลูกค้า กสท ปากช่อง', 'BUSINESS_AREA', NULL, 'Y', NULL, NULL, NULL, '01185', '1J30121', NULL, NULL, NULL, NULL, 'EPIS0', '2020-09-07 17:00:00', 'EPIS0', '2020-09-07 17:00:00', NULL, NULL),
	(662, '1317', 'สำนักงานบริการลูกค้า กสท ชุมแพ', 'BUSINESS_AREA', NULL, 'Y', NULL, NULL, NULL, '01186', '1J30132', NULL, NULL, NULL, NULL, 'EPIS0', '2020-09-07 17:00:00', 'EPIS0', '2020-09-07 17:00:00', NULL, NULL),
	(663, '1318', 'สำนักงานบริการลูกค้า กสท อำนาจเจริญ', 'BUSINESS_AREA', NULL, 'Y', NULL, NULL, NULL, '01187', '1J30128', NULL, NULL, NULL, NULL, 'EPIS0', '2020-09-07 17:00:00', 'EPIS0', '2020-09-07 17:00:00', NULL, NULL),
	(664, '1319', 'สำนักงานบริการลูกค้า กสท บ้านไผ่', 'BUSINESS_AREA', NULL, 'Y', NULL, NULL, NULL, '01188', '1J30131', NULL, NULL, NULL, NULL, 'EPIS0', '2020-09-07 17:00:00', 'EPIS0', '2020-09-07 17:00:00', NULL, NULL),
	(665, '1320', 'สำนักงานบริการลูกค้า กสท นครราชสีมา', 'BUSINESS_AREA', NULL, 'Y', NULL, NULL, NULL, '01223', '1J30120', NULL, NULL, NULL, NULL, 'EPIS0', '2020-09-07 17:00:00', 'EPIS0', '2020-09-07 17:00:00', NULL, NULL),
	(666, '1321', 'สำนักงานบริการลูกค้า กสท ขอนแก่น', 'BUSINESS_AREA', NULL, 'Y', NULL, NULL, NULL, '01224', '1J30130', NULL, NULL, NULL, NULL, 'EPIS0', '2020-09-07 17:00:00', 'EPIS0', '2020-09-07 17:00:00', NULL, NULL),
	(667, '1322', 'สำนักงานบริการลูกค้า กสท บึงกาฬ', 'BUSINESS_AREA', NULL, 'Y', NULL, NULL, NULL, '01276', '1J30136', NULL, NULL, NULL, NULL, 'EPIS0', '2020-09-07 17:00:00', 'EPIS0', '2020-09-07 17:00:00', NULL, NULL),
	(668, '1323', 'สำนักงานบริการลูกค้า กสท หนองบัวลำภู', 'BUSINESS_AREA', NULL, 'Y', NULL, NULL, NULL, '01323', '1J30129', NULL, NULL, NULL, NULL, 'EPIS0', '2020-09-07 17:00:00', 'EPIS0', '2020-09-07 17:00:00', NULL, NULL),
	(669, '1324', 'สำนักงานบริการลูกค้า กสท หนองคาย', 'BUSINESS_AREA', NULL, 'Y', NULL, NULL, NULL, '01360', '1J30135', NULL, NULL, NULL, NULL, 'EPIS0', '2020-09-07 17:00:00', 'EPIS0', '2020-09-07 17:00:00', NULL, NULL),
	(670, '1325', 'สำนักงานบริการลูกค้า กสท ขอนแก่น', 'BUSINESS_AREA', NULL, 'Y', NULL, NULL, NULL, '01361', '1J30130', NULL, NULL, NULL, NULL, 'EPIS0', '2020-09-07 17:00:00', 'EPIS0', '2020-09-07 17:00:00', NULL, NULL),
	(671, '1327', 'สำนักงานบริการลูกค้า กสท แคท ซีดีเอ็มเอ ขอนแก่น', 'BUSINESS_AREA', NULL, 'Y', NULL, NULL, NULL, '01373', '1J30130', NULL, NULL, NULL, NULL, 'EPIS0', '2020-09-07 17:00:00', 'EPIS0', '2020-09-07 17:00:00', NULL, NULL),
	(672, '1328', 'สำนักงานบริการลูกค้า กสท อุดรธานี (เซ็นทรัล)', 'BUSINESS_AREA', NULL, 'Y', NULL, NULL, NULL, '01383', '1J30133', NULL, NULL, NULL, NULL, 'EPIS0', '2020-09-07 17:00:00', 'EPIS0', '2020-09-07 17:00:00', NULL, NULL),
	(673, '1329', 'สำนักงานบริการลูกค้า กสท อุบลราชธานี (เซ็นทรัล)', 'BUSINESS_AREA', NULL, 'Y', NULL, NULL, NULL, '01390', '1J30125', NULL, NULL, NULL, NULL, 'EPIS0', '2020-09-07 17:00:00', 'EPIS0', '2020-09-07 17:00:00', NULL, NULL),
	(674, '1400', 'สำนักงานบริการลูกค้า กสท เขตเหนือ', 'BUSINESS_AREA', NULL, 'Y', NULL, NULL, NULL, '01227', NULL, NULL, NULL, NULL, NULL, 'EPIS0', '2020-09-07 17:00:00', 'EPIS0', '2020-09-07 17:00:00', NULL, NULL),
	(675, '1401', 'สำนักงานบริการลูกค้า กสท เชียงราย', 'BUSINESS_AREA', NULL, 'Y', NULL, NULL, NULL, '01154', '1J20129', NULL, NULL, NULL, NULL, 'EPIS0', '2020-09-07 17:00:00', 'EPIS0', '2020-09-07 17:00:00', NULL, NULL),
	(676, '1402', 'สำนักงานบริการลูกค้า กสท แพร่', 'BUSINESS_AREA', NULL, 'Y', NULL, NULL, NULL, '01155', '1J20126', NULL, NULL, NULL, NULL, 'EPIS0', '2020-09-07 17:00:00', 'EPIS0', '2020-09-07 17:00:00', NULL, NULL),
	(677, '1403', 'สำนักงานบริการลูกค้า กสท น่าน', 'BUSINESS_AREA', NULL, 'Y', NULL, NULL, NULL, '01156', '1J20127', NULL, NULL, NULL, NULL, 'EPIS0', '2020-09-07 17:00:00', 'EPIS0', '2020-09-07 17:00:00', NULL, NULL),
	(678, '1404', 'สำนักงานบริการลูกค้า กสท สุโขทัย', 'BUSINESS_AREA', NULL, 'Y', NULL, NULL, NULL, '01157', '1J20136', NULL, NULL, NULL, NULL, 'EPIS0', '2020-09-07 17:00:00', 'EPIS0', '2020-09-07 17:00:00', NULL, NULL),
	(679, '1405', 'สำนักงานบริการลูกค้า กสท แม่สอด', 'BUSINESS_AREA', NULL, 'Y', NULL, NULL, NULL, '01158', '1J20135', NULL, NULL, NULL, NULL, 'EPIS0', '2020-09-07 17:00:00', 'EPIS0', '2020-09-07 17:00:00', NULL, NULL),
	(680, '1406', 'สำนักงานบริการลูกค้า กสท อุตรดิตถ์', 'BUSINESS_AREA', NULL, 'Y', NULL, NULL, NULL, '01159', '1J20125', NULL, NULL, NULL, NULL, 'EPIS0', '2020-09-07 17:00:00', 'EPIS0', '2020-09-07 17:00:00', NULL, NULL),
	(681, '1407', 'สำนักงานบริการลูกค้า กสท ตาก', 'BUSINESS_AREA', NULL, 'Y', NULL, NULL, NULL, '01160', '1J20134', NULL, NULL, NULL, NULL, 'EPIS0', '2020-09-07 17:00:00', 'EPIS0', '2020-09-07 17:00:00', NULL, NULL),
	(682, '1408', 'สำนักงานบริการลูกค้า กสท พะเยา', 'BUSINESS_AREA', NULL, 'Y', NULL, NULL, NULL, '01161', '1J20128', NULL, NULL, NULL, NULL, 'EPIS0', '2020-09-07 17:00:00', 'EPIS0', '2020-09-07 17:00:00', NULL, NULL),
	(683, '1409', 'สำนักงานบริการลูกค้า กสท ลำพูน', 'BUSINESS_AREA', NULL, 'Y', NULL, NULL, NULL, '01162', '1J20122', NULL, NULL, NULL, NULL, 'EPIS0', '2020-09-07 17:00:00', 'EPIS0', '2020-09-07 17:00:00', NULL, NULL),
	(684, '1410', 'สำนักงานบริการลูกค้า กสท สวรรคโลก', 'BUSINESS_AREA', NULL, 'Y', NULL, NULL, NULL, '01163', '1J20137', NULL, NULL, NULL, NULL, 'EPIS0', '2020-09-07 17:00:00', 'EPIS0', '2020-09-07 17:00:00', NULL, NULL),
	(685, '1411', 'สำนักงานบริการลูกค้า กสท แม่สาย', 'BUSINESS_AREA', NULL, 'Y', NULL, NULL, NULL, '01164', '1J20130', NULL, NULL, NULL, NULL, 'EPIS0', '2020-09-07 17:00:00', 'EPIS0', '2020-09-07 17:00:00', NULL, NULL),
	(686, '1412', 'สำนักงานบริการลูกค้า กสท ฝาง', 'BUSINESS_AREA', NULL, 'Y', NULL, NULL, NULL, '01166', '1J20121', NULL, NULL, NULL, NULL, 'EPIS0', '2020-09-07 17:00:00', 'EPIS0', '2020-09-07 17:00:00', NULL, NULL),
	(687, '1413', 'สำนักงานบริการลูกค้า กสท แม่สะเรียง', 'BUSINESS_AREA', NULL, 'Y', NULL, NULL, NULL, '01167', '1J20132', NULL, NULL, NULL, NULL, 'EPIS0', '2020-09-07 17:00:00', 'EPIS0', '2020-09-07 17:00:00', NULL, NULL),
	(688, '1414', 'สำนักงานบริการลูกค้า กสท เถิน', 'BUSINESS_AREA', NULL, 'Y', NULL, NULL, NULL, '01168', '1J20124', NULL, NULL, NULL, NULL, 'EPIS0', '2020-09-07 17:00:00', 'EPIS0', '2020-09-07 17:00:00', NULL, NULL),
	(689, '1415', 'สำนักงานบริการลูกค้า กสท แม่ฮ่องสอน', 'BUSINESS_AREA', NULL, 'Y', NULL, NULL, NULL, '01169', '1J20131', NULL, NULL, NULL, NULL, 'EPIS0', '2020-09-07 17:00:00', 'EPIS0', '2020-09-07 17:00:00', NULL, NULL),
	(690, '1416', 'สำนักงานบริการลูกค้า กสท เชียงใหม่', 'BUSINESS_AREA', NULL, 'Y', NULL, NULL, NULL, '01216', '1J20120', NULL, NULL, NULL, NULL, 'EPIS0', '2020-09-07 17:00:00', 'EPIS0', '2020-09-07 17:00:00', NULL, NULL),
	(691, '1417', 'สำนักงานบริการลูกค้า กสท ลำปาง', 'BUSINESS_AREA', NULL, 'Y', NULL, NULL, NULL, '01217', '1J20123', NULL, NULL, NULL, NULL, 'EPIS0', '2020-09-07 17:00:00', 'EPIS0', '2020-09-07 17:00:00', NULL, NULL),
	(692, '1418', 'สำนักงานบริการลูกค้า กสท พิษณุโลก', 'BUSINESS_AREA', NULL, 'Y', NULL, NULL, NULL, '01218', '1J20138', NULL, NULL, NULL, NULL, 'EPIS0', '2020-09-07 17:00:00', 'EPIS0', '2020-09-07 17:00:00', NULL, NULL),
	(693, '1419', 'สำนักงานบริการลูกค้า กสท แคท ซีดีเอ็มเอ เชียงใหม่', 'BUSINESS_AREA', NULL, 'Y', NULL, NULL, NULL, '01371', '1J20120', NULL, NULL, NULL, NULL, 'EPIS0', '2020-09-07 17:00:00', 'EPIS0', '2020-09-07 17:00:00', NULL, NULL),
	(694, '1422', 'สำนักงานบริการลูกค้า กสท ปาย', 'BUSINESS_AREA', NULL, 'Y', NULL, NULL, NULL, '01377', '1J20133', NULL, NULL, NULL, NULL, 'EPIS0', '2020-09-07 17:00:00', 'EPIS0', '2020-09-07 17:00:00', NULL, NULL),
	(695, '1424', 'สำนักงานบริการลูกค้า กสท เชียงราย (เซ็นทรัล)', 'BUSINESS_AREA', NULL, 'Y', NULL, NULL, NULL, '01380', '1J20129', NULL, NULL, NULL, NULL, 'EPIS0', '2020-09-07 17:00:00', 'EPIS0', '2020-09-07 17:00:00', NULL, NULL),
	(696, '1425', 'สำนักงานบริการลูกค้า กสท พิษณุโลก (เซ็นทรัล)', 'BUSINESS_AREA', NULL, 'Y', NULL, NULL, NULL, '01382', '1J20138', NULL, NULL, NULL, NULL, 'EPIS0', '2020-09-07 17:00:00', 'EPIS0', '2020-09-07 17:00:00', NULL, NULL),
	(697, '1426', 'สำนักงานบริการลูกค้า กสท ลำปาง (เซ็นทรัล)', 'BUSINESS_AREA', NULL, 'Y', NULL, NULL, NULL, '01385', '1J20123', NULL, NULL, NULL, NULL, 'EPIS0', '2020-09-07 17:00:00', 'EPIS0', '2020-09-07 17:00:00', NULL, NULL),
	(698, '1427', 'สำนักงานบริการลูกค้า กสท เชียงใหม่ (เม-ญ่า เชียงใหม่)', 'BUSINESS_AREA', NULL, 'Y', NULL, NULL, NULL, '01387', '1J20120', NULL, NULL, NULL, NULL, 'EPIS0', '2020-09-07 17:00:00', 'EPIS0', '2020-09-07 17:00:00', NULL, NULL),
	(699, '1500', 'สำนักงานบริการลูกค้า กสท เขตใต้', 'BUSINESS_AREA', NULL, 'Y', NULL, NULL, NULL, '01229', NULL, NULL, NULL, NULL, NULL, 'EPIS0', '2020-09-07 17:00:00', 'EPIS0', '2020-09-07 17:00:00', NULL, NULL),
	(700, '1501', 'สำนักงานบริการลูกค้า กสท นครศรีธรรมราช', 'BUSINESS_AREA', NULL, 'Y', NULL, NULL, NULL, '01198', '1J10120', NULL, NULL, NULL, NULL, 'EPIS0', '2020-09-07 17:00:00', 'EPIS0', '2020-09-07 17:00:00', NULL, NULL),
	(701, '1502', 'สำนักงานบริการลูกค้า กสท ยะลา', 'BUSINESS_AREA', NULL, 'Y', NULL, NULL, NULL, '01199', '1J10135', NULL, NULL, NULL, NULL, 'EPIS0', '2020-09-07 17:00:00', 'EPIS0', '2020-09-07 17:00:00', NULL, NULL),
	(702, '1503', 'สำนักงานบริการลูกค้า กสท กระบี่', 'BUSINESS_AREA', NULL, 'Y', NULL, NULL, NULL, '01200', '1J10122', NULL, NULL, NULL, NULL, 'EPIS0', '2020-09-07 17:00:00', 'EPIS0', '2020-09-07 17:00:00', NULL, NULL),
	(703, '1504', 'สำนักงานบริการลูกค้า กสท ทุ่งสง', 'BUSINESS_AREA', NULL, 'Y', NULL, NULL, NULL, '01201', '1J10121', NULL, NULL, NULL, NULL, 'EPIS0', '2020-09-07 17:00:00', 'EPIS0', '2020-09-07 17:00:00', NULL, NULL),
	(704, '1505', 'สำนักงานบริการลูกค้า กสท นราธิวาส', 'BUSINESS_AREA', NULL, 'Y', NULL, NULL, NULL, '01202', '1J10137', NULL, NULL, NULL, NULL, 'EPIS0', '2020-09-07 17:00:00', 'EPIS0', '2020-09-07 17:00:00', NULL, NULL),
	(705, '1506', 'สำนักงานบริการลูกค้า กสท ตรัง', 'BUSINESS_AREA', NULL, 'Y', NULL, NULL, NULL, '01203', '1J10132', NULL, NULL, NULL, NULL, 'EPIS0', '2020-09-07 17:00:00', 'EPIS0', '2020-09-07 17:00:00', NULL, NULL),
	(706, '1507', 'สำนักงานบริการลูกค้า กสท เกาะสมุย', 'BUSINESS_AREA', NULL, 'Y', NULL, NULL, NULL, '01205', '1J10128', NULL, NULL, NULL, NULL, 'EPIS0', '2020-09-07 17:00:00', 'EPIS0', '2020-09-07 17:00:00', NULL, NULL),
	(707, '1508', 'สำนักงานบริการลูกค้า กสท ตะกั่วป่า', 'BUSINESS_AREA', NULL, 'Y', NULL, NULL, NULL, '01206', '1J10124', NULL, NULL, NULL, NULL, 'EPIS0', '2020-09-07 17:00:00', 'EPIS0', '2020-09-07 17:00:00', NULL, NULL),
	(708, '1509', 'สำนักงานบริการลูกค้า กสท สตูล', 'BUSINESS_AREA', NULL, 'Y', NULL, NULL, NULL, '01208', '1J10131', NULL, NULL, NULL, NULL, 'EPIS0', '2020-09-07 17:00:00', 'EPIS0', '2020-09-07 17:00:00', NULL, NULL),
	(709, '1510', 'สำนักงานบริการลูกค้า กสท ปัตตานี', 'BUSINESS_AREA', NULL, 'Y', NULL, NULL, NULL, '01209', '1J10134', NULL, NULL, NULL, NULL, 'EPIS0', '2020-09-07 17:00:00', 'EPIS0', '2020-09-07 17:00:00', NULL, NULL),
	(710, '1511', 'สำนักงานบริการลูกค้า กสท พัทลุง', 'BUSINESS_AREA', NULL, 'Y', NULL, NULL, NULL, '01211', '1J10133', NULL, NULL, NULL, NULL, 'EPIS0', '2020-09-07 17:00:00', 'EPIS0', '2020-09-07 17:00:00', NULL, NULL),
	(711, '1512', 'สำนักงานบริการลูกค้า กสท เบตง', 'BUSINESS_AREA', NULL, 'Y', NULL, NULL, NULL, '01213', '1J10136', NULL, NULL, NULL, NULL, 'EPIS0', '2020-09-07 17:00:00', 'EPIS0', '2020-09-07 17:00:00', NULL, NULL),
	(712, '1513', 'สำนักงานบริการลูกค้า กสท พังงา', 'BUSINESS_AREA', NULL, 'Y', NULL, NULL, NULL, '01214', '1J10123', NULL, NULL, NULL, NULL, 'EPIS0', '2020-09-07 17:00:00', 'EPIS0', '2020-09-07 17:00:00', NULL, NULL),
	(713, '1000', 'สำนักงานใหญ่', 'BUSINESS_AREA', NULL, 'Y', NULL, NULL, NULL, '00000', NULL, NULL, NULL, NULL, NULL, 'EPIS0', '2020-09-07 17:00:00', 'EPIS0', '2020-09-07 17:00:00', NULL, NULL),
	(714, NULL, 'ฝ่ายขายและตลาดสื่อสารไร้สาย', 'BUSINESS_AREA', NULL, 'Y', NULL, NULL, NULL, '00000', '1J60200', NULL, NULL, NULL, NULL, 'EPIS0', '2020-09-07 17:00:00', 'EPIS0', '2020-09-07 17:00:00', NULL, NULL),
	(715, '1011', 'สำนักงานใหญ่ ฝ่ายขายและตลาดสื่อสารไร้สาย (ส่วนขาย)', 'BUSINESS_AREA', NULL, 'Y', NULL, NULL, NULL, '00000', '1J60203', NULL, NULL, NULL, NULL, 'EPIS0', '2020-09-07 17:00:00', 'EPIS0', '2020-09-07 17:00:00', NULL, NULL),
	(716, '1012', 'สำนักงานใหญ่ ฝ่ายขายและตลาดสื่อสารไร้สาย (ส่วนบริหารคลังสินค้า)', 'BUSINESS_AREA', NULL, 'Y', NULL, NULL, NULL, '00000', '1J60205', NULL, NULL, NULL, NULL, 'EPIS0', '2020-09-07 17:00:00', 'EPIS0', '2020-09-07 17:00:00', NULL, NULL),
	(717, NULL, 'ฝ่ายพัฒนาผลิตภัณฑ์โทรศัพท์', 'BUSINESS_AREA', NULL, 'Y', NULL, NULL, NULL, '00000', '1J60100', NULL, NULL, NULL, NULL, 'EPIS0', '2020-09-07 17:00:00', 'EPIS0', '2020-09-07 17:00:00', NULL, NULL),
	(718, '1013', 'สำนักงานใหญ่ ฝ่ายพัฒนาผลิตภัณฑ์โทรศัพท์ (ส่วนการตลาดบริการโทรศัพท์)', 'BUSINESS_AREA', NULL, 'Y', NULL, NULL, NULL, '00000', '1J60101', NULL, NULL, NULL, NULL, 'EPIS0', '2020-09-07 17:00:00', 'EPIS0', '2020-09-07 17:00:00', NULL, NULL),
	(719, '1014', 'สำนักงานใหญ่ ฝ่ายพัฒนาผลิตภัณฑ์โทรศัพท์ (ส่วนวิเคราะห์ข้อมูลลูกค้าและบริหารคลังสินค้า)', 'BUSINESS_AREA', NULL, 'Y', NULL, NULL, NULL, '00000', '1J60105', NULL, NULL, NULL, NULL, 'EPIS0', '2020-09-07 17:00:00', 'EPIS0', '2020-09-07 17:00:00', NULL, NULL),
	(720, '1015', 'สำนักงานใหญ่ ฝ่ายเทคโนโลยีศูนย์ข้อมูล (ส่วนสนับสนุนการตลาด)', 'BUSINESS_AREA', NULL, 'Y', NULL, NULL, NULL, '00000', '1J60500', NULL, NULL, NULL, NULL, 'EPIS0', '2020-09-07 17:00:00', 'EPIS0', '2020-09-07 17:00:00', NULL, NULL),
	(721, NULL, 'ฝ่ายบริหารลูกค้า', 'BUSINESS_AREA', NULL, 'Y', NULL, NULL, NULL, '00000', '1J00200', NULL, NULL, NULL, NULL, 'EPIS0', '2020-09-07 17:00:00', 'EPIS0', '2020-09-07 17:00:00', NULL, NULL),
	(722, '1100', 'สำนักงานบริการลูกค้า กสท เขตกลาง', 'BUSINESS_AREA', NULL, 'Y', NULL, NULL, NULL, '01230', NULL, NULL, NULL, NULL, NULL, 'EPIS0', '2020-09-07 17:00:00', 'EPIS0', '2020-09-07 17:00:00', NULL, NULL),
	(723, '1101', 'สำนักงานบริการลูกค้า กสท พระนครศรีอยุธยา', 'BUSINESS_AREA', NULL, 'Y', NULL, NULL, NULL, '01130', '1J20220', NULL, NULL, NULL, NULL, 'EPIS0', '2020-09-07 17:00:00', 'EPIS0', '2020-09-07 17:00:00', NULL, NULL),
	(724, '1102', 'สำนักงานบริการลูกค้า กสท เพชรบูรณ์', 'BUSINESS_AREA', NULL, 'Y', NULL, NULL, NULL, '01134', '1J20233', NULL, NULL, NULL, NULL, 'EPIS0', '2020-09-07 17:00:00', 'EPIS0', '2020-09-07 17:00:00', NULL, NULL),
	(725, '1103', 'สำนักงานบริการลูกค้า กสท ลพบุรี', 'BUSINESS_AREA', NULL, 'Y', NULL, NULL, NULL, '01136', '1J20222', NULL, NULL, NULL, NULL, 'EPIS0', '2020-09-07 17:00:00', 'EPIS0', '2020-09-07 17:00:00', NULL, NULL),
	(726, '1104', 'สำนักงานบริการลูกค้า กสท สิงห์บุรี', 'BUSINESS_AREA', NULL, 'Y', NULL, NULL, NULL, '01141', '1J20224', NULL, NULL, NULL, NULL, 'EPIS0', '2020-09-07 17:00:00', 'EPIS0', '2020-09-07 17:00:00', NULL, NULL),
	(727, '1105', 'สำนักงานบริการลูกค้า กสท พิจิตร', 'BUSINESS_AREA', NULL, 'Y', NULL, NULL, NULL, '01142', '1J20231', NULL, NULL, NULL, NULL, 'EPIS0', '2020-09-07 17:00:00', 'EPIS0', '2020-09-07 17:00:00', NULL, NULL),
	(728, '1106', 'สำนักงานบริการลูกค้า กสท ชัยนาท', 'BUSINESS_AREA', NULL, 'Y', NULL, NULL, NULL, '01143', '1J20225', NULL, NULL, NULL, NULL, 'EPIS0', '2020-09-07 17:00:00', 'EPIS0', '2020-09-07 17:00:00', NULL, NULL),
	(729, '1107', 'สำนักงานบริการลูกค้า กสท กำแพงเพชร', 'BUSINESS_AREA', NULL, 'Y', NULL, NULL, NULL, '01145', '1J20230', NULL, NULL, NULL, NULL, 'EPIS0', '2020-09-07 17:00:00', 'EPIS0', '2020-09-07 17:00:00', NULL, NULL),
	(730, '1108', 'สำนักงานบริการลูกค้า กสท อ่างทอง', 'BUSINESS_AREA', NULL, 'Y', NULL, NULL, NULL, '01147', '1J20221', NULL, NULL, NULL, NULL, 'EPIS0', '2020-09-07 17:00:00', 'EPIS0', '2020-09-07 17:00:00', NULL, NULL),
	(731, '1109', 'สำนักงานบริการลูกค้า กสท อุทัยธานี', 'BUSINESS_AREA', NULL, 'Y', NULL, NULL, NULL, '01148', '1J20229', NULL, NULL, NULL, NULL, 'EPIS0', '2020-09-07 17:00:00', 'EPIS0', '2020-09-07 17:00:00', NULL, NULL),
	(732, '1110', 'สำนักงานบริการลูกค้า กสท หนองไผ่', 'BUSINESS_AREA', NULL, 'Y', NULL, NULL, NULL, '01149', '1J20235', NULL, NULL, NULL, NULL, 'EPIS0', '2020-09-07 17:00:00', 'EPIS0', '2020-09-07 17:00:00', NULL, NULL),
	(733, '1111', 'สำนักงานบริการลูกค้า กสท ตะพานหิน', 'BUSINESS_AREA', NULL, 'Y', NULL, NULL, NULL, '01150', '1J20232', NULL, NULL, NULL, NULL, 'EPIS0', '2020-09-07 17:00:00', 'EPIS0', '2020-09-07 17:00:00', NULL, NULL),
	(734, '1112', 'สำนักงานบริการลูกค้า กสท ตาคลี', 'BUSINESS_AREA', NULL, 'Y', NULL, NULL, NULL, '01152', '1J20228', NULL, NULL, NULL, NULL, 'EPIS0', '2020-09-07 17:00:00', 'EPIS0', '2020-09-07 17:00:00', NULL, NULL),
	(735, '1113', 'สำนักงานบริการลูกค้า กสท นครสวรรค์', 'BUSINESS_AREA', NULL, 'Y', NULL, NULL, NULL, '01221', '1J20227', NULL, NULL, NULL, NULL, 'EPIS0', '2020-09-07 17:00:00', 'EPIS0', '2020-09-07 17:00:00', NULL, NULL),
	(736, '1114', 'สำนักงานบริการลูกค้า กสท สระบุรี', 'BUSINESS_AREA', NULL, 'Y', NULL, NULL, NULL, '01222', '1J20226', NULL, NULL, NULL, NULL, 'EPIS0', '2020-09-07 17:00:00', 'EPIS0', '2020-09-07 17:00:00', NULL, NULL),
	(737, '1115', 'สำนักงานบริการลูกค้า กสท หล่มสัก', 'BUSINESS_AREA', NULL, 'Y', NULL, NULL, NULL, '01316', '1J20234', NULL, NULL, NULL, NULL, 'EPIS0', '2020-09-07 17:00:00', 'EPIS0', '2020-09-07 17:00:00', NULL, NULL),
	(738, '1116', 'สำนักงานบริการลูกค้า กสท ชัยบาดาล', 'BUSINESS_AREA', NULL, 'Y', NULL, NULL, NULL, '01338', '1J20223', NULL, NULL, NULL, NULL, 'EPIS0', '2020-09-07 17:00:00', 'EPIS0', '2020-09-07 17:00:00', NULL, NULL),
	(739, '1117', 'สำนักงานบริการลูกค้า กสท แคท ซีดีแอมเอ นครสวรรค์', 'BUSINESS_AREA', NULL, 'Y', NULL, NULL, NULL, '01375', '1J20227', NULL, NULL, NULL, NULL, 'EPIS0', '2020-09-07 17:00:00', 'EPIS0', '2020-09-07 17:00:00', NULL, NULL),
	(740, '1200', 'สำนักงานบริการลูกค้า กสท เขตตะวันออก', 'BUSINESS_AREA', NULL, 'Y', NULL, NULL, NULL, '01228', NULL, NULL, NULL, NULL, NULL, 'EPIS0', '2020-09-07 17:00:00', 'EPIS0', '2020-09-07 17:00:00', NULL, NULL),
	(741, '1201', 'สำนักงานบริการลูกค้า กสท ชลบุรี', 'BUSINESS_AREA', NULL, 'Y', NULL, NULL, NULL, '01189', '1J30220', NULL, NULL, NULL, NULL, 'EPIS0', '2020-09-07 17:00:00', 'EPIS0', '2020-09-07 17:00:00', NULL, NULL),
	(742, '1202', 'สำนักงานบริการลูกค้า กสท ตราด', 'BUSINESS_AREA', NULL, 'Y', NULL, NULL, NULL, '01190', '1J30228', NULL, NULL, NULL, NULL, 'EPIS0', '2020-09-07 17:00:00', 'EPIS0', '2020-09-07 17:00:00', NULL, NULL),
	(743, '1203', 'สำนักงานบริการลูกค้า กสท ระยอง', 'BUSINESS_AREA', NULL, 'Y', NULL, NULL, NULL, '01191', '1J30224', NULL, NULL, NULL, NULL, 'EPIS0', '2020-09-07 17:00:00', 'EPIS0', '2020-09-07 17:00:00', NULL, NULL),
	(744, '1204', 'สำนักงานบริการลูกค้า กสท ปราจีนบุรี', 'BUSINESS_AREA', NULL, 'Y', NULL, NULL, NULL, '01192', '1J30230', NULL, NULL, NULL, NULL, 'EPIS0', '2020-09-07 17:00:00', 'EPIS0', '2020-09-07 17:00:00', NULL, NULL),
	(745, '1205', 'สำนักงานบริการลูกค้า กสท ฉะเชิงเทรา', 'BUSINESS_AREA', NULL, 'Y', NULL, NULL, NULL, '01193', '1J30229', NULL, NULL, NULL, NULL, 'EPIS0', '2020-09-07 17:00:00', 'EPIS0', '2020-09-07 17:00:00', NULL, NULL),
	(746, '1206', 'สำนักงานบริการลูกค้า กสท นครนายก', 'BUSINESS_AREA', NULL, 'Y', NULL, NULL, NULL, '01194', '1J30232', NULL, NULL, NULL, NULL, 'EPIS0', '2020-09-07 17:00:00', 'EPIS0', '2020-09-07 17:00:00', NULL, NULL),
	(747, '1207', 'สำนักงานบริการลูกค้า กสท สัตหีบ', 'BUSINESS_AREA', NULL, 'Y', NULL, NULL, NULL, '01195', '1J30221', NULL, NULL, NULL, NULL, 'EPIS0', '2020-09-07 17:00:00', 'EPIS0', '2020-09-07 17:00:00', NULL, NULL),
	(748, '1208', 'สำนักงานบริการลูกค้า กสท อรัญประเทศ', 'BUSINESS_AREA', NULL, 'Y', NULL, NULL, NULL, '01196', '1J30234', NULL, NULL, NULL, NULL, 'EPIS0', '2020-09-07 17:00:00', 'EPIS0', '2020-09-07 17:00:00', NULL, NULL),
	(749, '1209', 'สำนักงานบริการลูกค้า กสท กบินทร์บุรี', 'BUSINESS_AREA', NULL, 'Y', NULL, NULL, NULL, '01197', '1J30231', NULL, NULL, NULL, NULL, 'EPIS0', '2020-09-07 17:00:00', 'EPIS0', '2020-09-07 17:00:00', NULL, NULL),
	(750, '1210', 'สำนักงานบริการลูกค้า กสท พัทยา', 'BUSINESS_AREA', NULL, 'Y', NULL, NULL, NULL, '01215', '1J30223', NULL, NULL, NULL, NULL, 'EPIS0', '2020-09-07 17:00:00', 'EPIS0', '2020-09-07 17:00:00', NULL, NULL),
	(751, '1211', 'สำนักงานบริการลูกค้า กสท จันทบุรี', 'BUSINESS_AREA', NULL, 'Y', NULL, NULL, NULL, '01232', '1J30227', NULL, NULL, NULL, NULL, 'EPIS0', '2020-09-07 17:00:00', 'EPIS0', '2020-09-07 17:00:00', NULL, NULL),
	(752, '1212', 'สำนักงานบริการลูกค้า กสท แหลมฉบัง', 'BUSINESS_AREA', NULL, 'Y', NULL, NULL, NULL, '01237', '1J30222', NULL, NULL, NULL, NULL, 'EPIS0', '2020-09-07 17:00:00', 'EPIS0', '2020-09-07 17:00:00', NULL, NULL),
	(753, '1213', 'สำนักงานบริการลูกค้า กสท มาบตาพุด', 'BUSINESS_AREA', NULL, 'Y', NULL, NULL, NULL, '01246', '1J30226', NULL, NULL, NULL, NULL, 'EPIS0', '2020-09-07 17:00:00', 'EPIS0', '2020-09-07 17:00:00', NULL, NULL),
	(754, '1214', 'สำนักงานบริการลูกค้า กสท สระแก้ว', 'BUSINESS_AREA', NULL, 'Y', NULL, NULL, NULL, '01278', '1J30233', NULL, NULL, NULL, NULL, 'EPIS0', '2020-09-07 17:00:00', 'EPIS0', '2020-09-07 17:00:00', NULL, NULL),
	(755, '1216', 'สำนักงานบริการลูกค้า กสท ปลวกแดง', 'BUSINESS_AREA', NULL, 'Y', NULL, NULL, NULL, '01381', '1J30225', NULL, NULL, NULL, NULL, 'EPIS0', '2020-09-07 17:00:00', 'EPIS0', '2020-09-07 17:00:00', NULL, NULL),
	(756, '1300', 'สำนักงานบริการลูกค้า กสท เขตตะวันออกเฉลียงเหนือ', 'BUSINESS_AREA', NULL, 'Y', NULL, NULL, NULL, '01231', NULL, NULL, NULL, NULL, NULL, 'EPIS0', '2020-09-07 17:00:00', 'EPIS0', '2020-09-07 17:00:00', NULL, NULL),
	(757, '1301', 'สำนักงานบริการลูกค้า กสท อุดรธานี', 'BUSINESS_AREA', NULL, 'Y', NULL, NULL, NULL, '01170', '1J30133', NULL, NULL, NULL, NULL, 'EPIS0', '2020-09-07 17:00:00', 'EPIS0', '2020-09-07 17:00:00', NULL, NULL),
	(758, '1302', 'สำนักงานบริการลูกค้า กสท สุรินทร์', 'BUSINESS_AREA', NULL, 'Y', NULL, NULL, NULL, '01171', '1J30123', NULL, NULL, NULL, NULL, 'EPIS0', '2020-09-07 17:00:00', 'EPIS0', '2020-09-07 17:00:00', NULL, NULL),
	(759, '1303', 'สำนักงานบริการลูกค้า กสท สกลนคร', 'BUSINESS_AREA', NULL, 'Y', NULL, NULL, NULL, '01172', '1J30140', NULL, NULL, NULL, NULL, 'EPIS0', '2020-09-07 17:00:00', 'EPIS0', '2020-09-07 17:00:00', NULL, NULL),
	(760, '1304', 'สำนักงานบริการลูกค้า กสท อุบลราชธานี', 'BUSINESS_AREA', NULL, 'Y', NULL, NULL, NULL, '01173', '1J30125', NULL, NULL, NULL, NULL, 'EPIS0', '2020-09-07 17:00:00', 'EPIS0', '2020-09-07 17:00:00', NULL, NULL),
	(761, '1305', 'สำนักงานบริการลูกค้า กสท มุกดาหาร', 'BUSINESS_AREA', NULL, 'Y', NULL, NULL, NULL, '01174', '1J30142', NULL, NULL, NULL, NULL, 'EPIS0', '2020-09-07 17:00:00', 'EPIS0', '2020-09-07 17:00:00', NULL, NULL),
	(762, '191010102', 'บ.สัมฯ-TAC', 'PRODUCT', NULL, NULL, NULL, NULL, NULL, NULL, NULL, NULL, NULL, NULL, NULL, NULL, '2020-09-07 17:00:00', NULL, '2020-09-07 17:00:00', NULL, NULL),
	(763, '191010103', 'บ.สัมฯ-TRUE MOVE', 'PRODUCT', NULL, NULL, NULL, NULL, NULL, NULL, NULL, NULL, NULL, NULL, NULL, NULL, '2020-09-07 17:00:00', NULL, '2020-09-07 17:00:00', NULL, NULL),
	(764, '191010104', 'บ.สัมฯ-UCOM', 'PRODUCT', NULL, NULL, NULL, NULL, NULL, NULL, NULL, NULL, NULL, NULL, NULL, NULL, '2020-09-07 17:00:00', NULL, '2020-09-07 17:00:00', NULL, NULL),
	(765, '191010105', 'บ.สยามเซ็ทฯ-สิ้นสุด', 'PRODUCT', NULL, NULL, NULL, NULL, NULL, NULL, NULL, NULL, NULL, NULL, NULL, NULL, '2020-09-07 17:00:00', NULL, '2020-09-07 17:00:00', NULL, NULL),
	(766, '191010201', 'เลิก-บ.ร่วมฯ PACLINK', 'PRODUCT', NULL, NULL, NULL, NULL, NULL, NULL, NULL, NULL, NULL, NULL, NULL, NULL, '2020-09-07 17:00:00', NULL, '2020-09-07 17:00:00', NULL, NULL),
	(767, '191010202', 'บ.ร่วมฯ-LENSO', 'PRODUCT', NULL, NULL, NULL, NULL, NULL, NULL, NULL, NULL, NULL, NULL, NULL, NULL, '2020-09-07 17:00:00', NULL, '2020-09-07 17:00:00', NULL, NULL),
	(768, '191010203', 'เลิก-บ.ร่วมฯ-UIH', 'PRODUCT', NULL, NULL, NULL, NULL, NULL, NULL, NULL, NULL, NULL, NULL, NULL, NULL, '2020-09-07 17:00:00', NULL, '2020-09-07 17:00:00', NULL, NULL),
	(769, '191010204', 'เลิก-บ.ร่วมฯ-GCS', 'PRODUCT', NULL, NULL, NULL, NULL, NULL, NULL, NULL, NULL, NULL, NULL, NULL, NULL, '2020-09-07 17:00:00', NULL, '2020-09-07 17:00:00', NULL, NULL),
	(770, '191010205', 'บ.ร่วมฯ-SMART HIGHWA', 'PRODUCT', NULL, NULL, NULL, NULL, NULL, NULL, NULL, NULL, NULL, NULL, NULL, NULL, '2020-09-07 17:00:00', NULL, '2020-09-07 17:00:00', NULL, NULL),
	(771, '191010206', 'บ.ร่วมฯ-Acasia Commu', 'PRODUCT', NULL, NULL, NULL, NULL, NULL, NULL, NULL, NULL, NULL, NULL, NULL, NULL, '2020-09-07 17:00:00', NULL, '2020-09-07 17:00:00', NULL, NULL),
	(772, '191010207', 'บ.ร่วมฯ-Asean Cables', 'PRODUCT', NULL, NULL, NULL, NULL, NULL, NULL, NULL, NULL, NULL, NULL, NULL, NULL, '2020-09-07 17:00:00', NULL, '2020-09-07 17:00:00', NULL, NULL),
	(773, '191010208', 'บ.ร่วมฯ-Asean Teleco', 'PRODUCT', NULL, NULL, NULL, NULL, NULL, NULL, NULL, NULL, NULL, NULL, NULL, NULL, '2020-09-07 17:00:00', NULL, '2020-09-07 17:00:00', NULL, NULL),
	(774, '191010209', 'บ.ร่วมฯ-C&C', 'PRODUCT', NULL, NULL, NULL, NULL, NULL, NULL, NULL, NULL, NULL, NULL, NULL, NULL, '2020-09-07 17:00:00', NULL, '2020-09-07 17:00:00', NULL, NULL),
	(775, '191010210', 'บ.ร่วมฯ-CS', 'PRODUCT', NULL, NULL, NULL, NULL, NULL, NULL, NULL, NULL, NULL, NULL, NULL, NULL, '2020-09-07 17:00:00', NULL, '2020-09-07 17:00:00', NULL, NULL),
	(776, '191010211', 'บ.ร่วมฯ-เทรดสยาม', 'PRODUCT', NULL, NULL, NULL, NULL, NULL, NULL, NULL, NULL, NULL, NULL, NULL, NULL, '2020-09-07 17:00:00', NULL, '2020-09-07 17:00:00', NULL, NULL),
	(777, '191010212', 'บ.ร่วมฯ-เอเซียส รีเย', 'PRODUCT', NULL, NULL, NULL, NULL, NULL, NULL, NULL, NULL, NULL, NULL, NULL, NULL, '2020-09-07 17:00:00', NULL, '2020-09-07 17:00:00', NULL, NULL),
	(778, '191010213', 'บ.ร่วมฯ-ไทย-อะมาดิอุ', 'PRODUCT', NULL, NULL, NULL, NULL, NULL, NULL, NULL, NULL, NULL, NULL, NULL, NULL, '2020-09-07 17:00:00', NULL, '2020-09-07 17:00:00', NULL, NULL),
	(779, '191010214', 'เลิก-บ.ซี แซทแทลไลท', 'PRODUCT', NULL, NULL, NULL, NULL, NULL, NULL, NULL, NULL, NULL, NULL, NULL, NULL, '2020-09-07 17:00:00', NULL, '2020-09-07 17:00:00', NULL, NULL),
	(780, '191010215', 'เลิก-บ.พับลิคเรดิโอ', 'PRODUCT', NULL, NULL, NULL, NULL, NULL, NULL, NULL, NULL, NULL, NULL, NULL, NULL, '2020-09-07 17:00:00', NULL, '2020-09-07 17:00:00', NULL, NULL),
	(781, '191010216', 'บ.ร่วมฯ-อินเตอร์เน็ต', 'PRODUCT', NULL, NULL, NULL, NULL, NULL, NULL, NULL, NULL, NULL, NULL, NULL, NULL, '2020-09-07 17:00:00', NULL, '2020-09-07 17:00:00', NULL, NULL),
	(782, '192020001', 'รายได้อื่น', 'PRODUCT', NULL, NULL, NULL, NULL, NULL, NULL, NULL, NULL, NULL, NULL, NULL, NULL, '2020-09-07 17:00:00', NULL, '2020-09-07 17:00:00', NULL, NULL),
	(783, '192020017', 'เลิก-บ.สื่อฯอื่น', 'PRODUCT', NULL, NULL, NULL, NULL, NULL, NULL, NULL, NULL, NULL, NULL, NULL, NULL, '2020-09-07 17:00:00', NULL, '2020-09-07 17:00:00', NULL, NULL),
	(784, '192020101', 'รด.อื่น-IDD', 'PRODUCT', NULL, NULL, NULL, NULL, NULL, NULL, NULL, NULL, NULL, NULL, NULL, NULL, '2020-09-07 17:00:00', NULL, '2020-09-07 17:00:00', NULL, NULL),
	(785, '192020201', 'รด.อื่น-DATACOM', 'PRODUCT', NULL, NULL, NULL, NULL, NULL, NULL, NULL, NULL, NULL, NULL, NULL, NULL, '2020-09-07 17:00:00', NULL, '2020-09-07 17:00:00', NULL, NULL),
	(786, '192020202', 'รด.อื่น-Internet', 'PRODUCT', NULL, NULL, NULL, NULL, NULL, NULL, NULL, NULL, NULL, NULL, NULL, NULL, '2020-09-07 17:00:00', NULL, '2020-09-07 17:00:00', NULL, NULL),
	(787, '192020203', 'รด.อื่น-VAS', 'PRODUCT', NULL, NULL, NULL, NULL, NULL, NULL, NULL, NULL, NULL, NULL, NULL, NULL, '2020-09-07 17:00:00', NULL, '2020-09-07 17:00:00', NULL, NULL),
	(788, '192020301', 'รด.อื่น-e-Business', 'PRODUCT', NULL, NULL, NULL, NULL, NULL, NULL, NULL, NULL, NULL, NULL, NULL, NULL, '2020-09-07 17:00:00', NULL, '2020-09-07 17:00:00', NULL, NULL),
	(789, '192020302', 'รด.อื่น-IT Security', 'PRODUCT', NULL, NULL, NULL, NULL, NULL, NULL, NULL, NULL, NULL, NULL, NULL, NULL, '2020-09-07 17:00:00', NULL, '2020-09-07 17:00:00', NULL, NULL),
	(790, '192020303', 'รด.อื่น-Cloud Servic', 'PRODUCT', NULL, NULL, NULL, NULL, NULL, NULL, NULL, NULL, NULL, NULL, NULL, NULL, '2020-09-07 17:00:00', NULL, '2020-09-07 17:00:00', NULL, NULL),
	(791, '192020304', 'รด.อื่น-IDC', 'PRODUCT', NULL, NULL, NULL, NULL, NULL, NULL, NULL, NULL, NULL, NULL, NULL, NULL, '2020-09-07 17:00:00', NULL, '2020-09-07 17:00:00', NULL, NULL),
	(792, '192020401', 'รด.อื่น-my', 'PRODUCT', NULL, NULL, NULL, NULL, NULL, NULL, NULL, NULL, NULL, NULL, NULL, NULL, '2020-09-07 17:00:00', NULL, '2020-09-07 17:00:00', NULL, NULL),
	(793, '192020402', 'รด.อื่น-CDMA-ภูมิภาค', 'PRODUCT', NULL, NULL, NULL, NULL, NULL, NULL, NULL, NULL, NULL, NULL, NULL, NULL, '2020-09-07 17:00:00', NULL, '2020-09-07 17:00:00', NULL, NULL),
	(794, '192020403', 'รด.อื่น-HUTCH', 'PRODUCT', NULL, NULL, NULL, NULL, NULL, NULL, NULL, NULL, NULL, NULL, NULL, NULL, '2020-09-07 17:00:00', NULL, '2020-09-07 17:00:00', NULL, NULL),
	(795, '192020404', 'รด.อื่น-วิทยุคมนาคม', 'PRODUCT', NULL, NULL, NULL, NULL, NULL, NULL, NULL, NULL, NULL, NULL, NULL, NULL, '2020-09-07 17:00:00', NULL, '2020-09-07 17:00:00', NULL, NULL),
	(796, '192020405', 'รด.อื่น-วิทยุเรือฯ', 'PRODUCT', NULL, NULL, NULL, NULL, NULL, NULL, NULL, NULL, NULL, NULL, NULL, NULL, '2020-09-07 17:00:00', NULL, '2020-09-07 17:00:00', NULL, NULL),
	(797, '192020406', 'รด.อื่น-Wholesale', 'PRODUCT', NULL, NULL, NULL, NULL, NULL, NULL, NULL, NULL, NULL, NULL, NULL, NULL, '2020-09-07 17:00:00', NULL, '2020-09-07 17:00:00', NULL, NULL),
	(798, '1', 'นิติบุคคล', 'CUSTOMER_SEGMENT', NULL, NULL, NULL, NULL, NULL, '1', 'Business', 'ธุรกิจทั่วไป', '1134', '3TRE_AVERAGE_CHARGE', NULL, 'EPIS0', '2020-09-07 17:00:00', 'EPIS0', '2020-09-07 17:00:00', NULL, NULL),
	(799, '3', 'บุคคลทั่วไป', 'CUSTOMER_SEGMENT', NULL, NULL, NULL, NULL, NULL, '8', 'Residential', 'ธุรกิจ กสท', '1474', '3TRE_AVERAGE_CHARGE', NULL, 'EPIS0', '2020-09-07 17:00:00', 'EPIS0', '2020-09-07 17:00:00', NULL, NULL),
	(800, '1', 'นิติบุคคล', 'CUSTOMER_SEGMENT', NULL, NULL, NULL, NULL, NULL, '13', 'Business', 'ลูกค้าผู้ประกอบการ', '1134', '3TRE_AVERAGE_CHARGE', NULL, 'EPIS00', '2020-09-07 17:00:00', 'EPIS00', '2020-09-07 17:00:00', NULL, NULL),
	(801, '2', 'หน่วยงานรัฐ', 'CUSTOMER_SEGMENT', NULL, NULL, NULL, NULL, NULL, '2', 'Government', 'หน่วยงานรัฐ', '1259', '69BIS_AVERAGE_CHARGE', NULL, 'EPIS0', '2020-09-07 17:00:00', 'EPIS0', '2020-09-07 17:00:00', NULL, NULL),
	(802, '2', 'หน่วยงานรัฐ', 'CUSTOMER_SEGMENT', NULL, NULL, NULL, NULL, NULL, '12', 'Government', 'ลูกค้าองค์กรภาครัฐ', '1259', '69BIS_AVERAGE_CHARGE', NULL, 'EPIS00', '2020-09-07 17:00:00', 'EPIS00', '2020-09-07 17:00:00', NULL, NULL),
	(803, '3', 'บุคคลทั่วไป', 'CUSTOMER_SEGMENT', NULL, NULL, NULL, NULL, NULL, '3', 'Residential', 'บุคคลทั่วไป', '1474', '3TRE_AVERAGE_CHARGE', NULL, 'EPIS0', '2020-09-07 17:00:00', 'EPIS0', '2020-09-07 17:00:00', NULL, NULL),
	(804, '3', 'บุคคลทั่วไป', 'CUSTOMER_SEGMENT', NULL, NULL, NULL, NULL, NULL, '14', 'Residential', 'ลูกค้าบุคคล', '1474', '3TRE_AVERAGE_CHARGE', NULL, 'EPIS00', '2020-09-07 17:00:00', 'EPIS00', '2020-09-07 17:00:00', NULL, NULL),
	(805, '3', 'บุคคลทั่วไป', 'CUSTOMER_SEGMENT', NULL, NULL, NULL, NULL, NULL, '15', 'Residential', 'Non Charge', '1474', '3TRE_AVERAGE_CHARGE', NULL, 'EPIS0', '2020-09-07 17:00:00', 'EPIS0', '2020-09-07 17:00:00', NULL, NULL),
	(806, '1', 'นิติบุคคล', 'CUSTOMER_SEGMENT', NULL, NULL, NULL, NULL, NULL, '4', 'Business', 'Carrier/Operator/NON POTs', '1134', '3TRE_AVERAGE_CHARGE', NULL, 'EPIS0', '2020-09-07 17:00:00', 'EPIS0', '2020-09-07 17:00:00', NULL, NULL),
	(807, '1', 'นิติบุคคล', 'CUSTOMER_SEGMENT', NULL, NULL, NULL, NULL, NULL, '11', 'Business', 'ลูกค้าองค์กรเอกชน', '1134', '3TRE_AVERAGE_CHARGE', NULL, 'EPIS00', '2020-09-07 17:00:00', 'EPIS00', '2020-09-07 17:00:00', NULL, NULL),
	(808, '1', 'นิติบุคคล', 'CUSTOMER_SEGMENT', NULL, NULL, NULL, NULL, NULL, '7', 'Business', 'Reseller/Agent', '1134', '3TRE_AVERAGE_CHARGE', NULL, 'EPIS0', '2020-09-07 17:00:00', 'EPIS0', '2020-09-07 17:00:00', NULL, NULL),
	(809, '002', 'รับชำระผิดบริการ', 'OFFLINE_OTHER_CANCEL_REASON', NULL, NULL, '2', NULL, NULL, 'INDAY', NULL, NULL, NULL, NULL, NULL, 'EPIS0', '2020-09-07 17:00:00', 'EPIS0', '2020-09-07 17:00:00', NULL, NULL),
	(810, '14', 'หน่วยงานรัฐ', 'OTHER_TEMP_CUSTOMER_SEGMENT', NULL, NULL, '2', NULL, NULL, 'Government', '1259', NULL, NULL, '69BIS_AVERAGE_CHARGE', NULL, 'EPIS00', '2020-09-07 17:00:00', 'EPIS00', '2020-09-07 17:00:00', NULL, NULL),
	(811, '15', 'บุคคลทั่วไป', 'OTHER_TEMP_CUSTOMER_SEGMENT', NULL, NULL, '3', NULL, NULL, 'Residential', '1474', NULL, NULL, '3TRE_AVERAGE_CHARGE', NULL, 'EPIS00', '2020-09-07 17:00:00', 'EPIS00', '2020-09-07 17:00:00', NULL, NULL),
	(812, '003', 'ยอดเงินภาษีไม่ถูกต้อง', 'OFFLINE_OTHER_CANCEL_REASON', NULL, NULL, '3', NULL, NULL, 'INDAY', NULL, NULL, NULL, NULL, NULL, 'EPIS0', '2020-09-07 17:00:00', 'EPIS0', '2020-09-07 17:00:00', NULL, NULL),
	(813, '002', 'ชำระผิดใบแจ้งค่าใช้บริการ', 'OFFLINE_IBACSS_WOIBACSS_CANCEL_REASON', NULL, NULL, '2', NULL, NULL, 'INDAY', NULL, NULL, NULL, NULL, NULL, 'EPIS0', '2020-09-07 17:00:00', 'EPIS0', '2020-09-07 17:00:00', NULL, NULL),
	(814, '003', 'ลูกค้าขอยกเลิก', 'OFFLINE_IBACSS_WOIBACSS_CANCEL_REASON', NULL, NULL, '3', NULL, NULL, 'INDAY', NULL, NULL, NULL, NULL, NULL, 'EPIS0', '2020-09-07 17:00:00', 'EPIS0', '2020-09-07 17:00:00', NULL, NULL),
	(4455, '1000', 'สำนักงานใหญ่         ', 'PROFIT_COST_CENTER', NULL, NULL, NULL, NULL, NULL, '00000', NULL, 'N', NULL, NULL, NULL, NULL, NULL, NULL, NULL, NULL, NULL),
	(4456, NULL, 'ฝ่ายขายและตลาดสื่อสารไร้สาย', 'PROFIT_COST_CENTER', NULL, NULL, NULL, NULL, NULL, '00000', '1J60200', 'N', NULL, NULL, NULL, NULL, NULL, NULL, NULL, NULL, NULL),
	(4457, '1000', 'ส่วนรับจ่ายเงิน', 'PROFIT_COST_CENTER', NULL, NULL, NULL, NULL, NULL, '00000', '1J00200', 'Y', NULL, NULL, NULL, NULL, NULL, NULL, NULL, NULL, NULL),
	(4458, '1011', 'สำนักงานใหญ่ ฝ่ายขายและตลาดสื่อสารไร้สาย (ส่วนขาย)', 'PROFIT_COST_CENTER', NULL, NULL, NULL, NULL, NULL, '00000', '1J60203', 'N', NULL, NULL, NULL, NULL, NULL, NULL, NULL, NULL, NULL),
	(4459, '1012', 'สำนักงานใหญ่ ฝ่ายขายและตลาดสื่อสารไร้สาย (ส่วนบริหารคลังสินค้า)', 'PROFIT_COST_CENTER', NULL, NULL, NULL, NULL, NULL, '00000', '1J60205', 'N', NULL, NULL, NULL, NULL, NULL, NULL, NULL, NULL, NULL),
	(4460, NULL, 'ฝ่ายพัฒนาผลิตภัณฑ์โทรศัพท์', 'PROFIT_COST_CENTER', NULL, NULL, NULL, NULL, NULL, '00000', '1J60100', 'N', NULL, NULL, NULL, NULL, NULL, NULL, NULL, NULL, NULL),
	(4461, '1013', 'สำนักงานใหญ่ ฝ่ายพัฒนาผลิตภัณฑ์โทรศัพท์ (ส่วนการตลาดบริการโทรศัพท์)', 'PROFIT_COST_CENTER', NULL, NULL, NULL, NULL, NULL, '00000', '1J60101', 'N', NULL, NULL, NULL, NULL, NULL, NULL, NULL, NULL, NULL),
	(4462, '1014', 'สำนักงานใหญ่ ฝ่ายพัฒนาผลิตภัณฑ์โทรศัพท์ (ส่วนวิเคราะห์ข้อมูลลูกค้าและบริหารคลังสินค้า)', 'PROFIT_COST_CENTER', NULL, NULL, NULL, NULL, NULL, '00000', '1J60105', 'N', NULL, NULL, NULL, NULL, NULL, NULL, NULL, NULL, NULL),
	(4463, '1015', 'สำนักงานใหญ่ ฝ่ายเทคโนโลยีศูนย์ข้อมูล (ส่วนสนับสนุนการตลาด)', 'PROFIT_COST_CENTER', NULL, NULL, NULL, NULL, NULL, '00000', '1J60500', 'N', NULL, NULL, NULL, NULL, NULL, NULL, NULL, NULL, NULL),
	(4464, NULL, 'ฝ่ายบริหารลูกค้า', 'PROFIT_COST_CENTER', NULL, NULL, NULL, NULL, NULL, '00000', '1J00200', 'N', NULL, NULL, NULL, NULL, NULL, NULL, NULL, NULL, NULL),
	(4465, '1100', 'สำนักงานบริการลูกค้า กสท เขตกลาง', 'PROFIT_COST_CENTER', NULL, NULL, NULL, NULL, NULL, '01230', NULL, 'N', NULL, NULL, NULL, NULL, NULL, NULL, NULL, NULL, NULL),
	(4466, '1101', 'สำนักงานบริการลูกค้า กสท พระนครศรีอยุธยา            ', 'PROFIT_COST_CENTER', NULL, NULL, NULL, NULL, NULL, '01130', '1J20220', 'Y', NULL, NULL, NULL, NULL, NULL, NULL, NULL, NULL, NULL),
	(4467, '1102', 'สำนักงานบริการลูกค้า กสท เพชรบูรณ์                  ', 'PROFIT_COST_CENTER', NULL, NULL, NULL, NULL, NULL, '01134', '1J20233', 'Y', NULL, NULL, NULL, NULL, NULL, NULL, NULL, NULL, NULL),
	(4468, '1103', 'สำนักงานบริการลูกค้า กสท ลพบุรี                     ', 'PROFIT_COST_CENTER', NULL, NULL, NULL, NULL, NULL, '01136', '1J20222', 'Y', NULL, NULL, NULL, NULL, NULL, NULL, NULL, NULL, NULL),
	(4469, '1104', 'สำนักงานบริการลูกค้า กสท สิงห์บุรี                  ', 'PROFIT_COST_CENTER', NULL, NULL, NULL, NULL, NULL, '01141', '1J20224', 'Y', NULL, NULL, NULL, NULL, NULL, NULL, NULL, NULL, NULL),
	(4470, '1105', 'สำนักงานบริการลูกค้า กสท พิจิตร                     ', 'PROFIT_COST_CENTER', NULL, NULL, NULL, NULL, NULL, '01142', '1J20231', 'Y', NULL, NULL, NULL, NULL, NULL, NULL, NULL, NULL, NULL),
	(4471, '1106', 'สำนักงานบริการลูกค้า กสท ชัยนาท                     ', 'PROFIT_COST_CENTER', NULL, NULL, NULL, NULL, NULL, '01143', '1J20225', 'Y', NULL, NULL, NULL, NULL, NULL, NULL, NULL, NULL, NULL),
	(4472, '1107', 'สำนักงานบริการลูกค้า กสท กำแพงเพชร                  ', 'PROFIT_COST_CENTER', NULL, NULL, NULL, NULL, NULL, '01145', '1J20230', 'Y', NULL, NULL, NULL, NULL, NULL, NULL, NULL, NULL, NULL),
	(4473, '1108', 'สำนักงานบริการลูกค้า กสท อ่างทอง                    ', 'PROFIT_COST_CENTER', NULL, NULL, NULL, NULL, NULL, '01147', '1J20221', 'Y', NULL, NULL, NULL, NULL, NULL, NULL, NULL, NULL, NULL),
	(4474, '1109', 'สำนักงานบริการลูกค้า กสท อุทัยธานี                  ', 'PROFIT_COST_CENTER', NULL, NULL, NULL, NULL, NULL, '01148', '1J20229', 'Y', NULL, NULL, NULL, NULL, NULL, NULL, NULL, NULL, NULL),
	(4475, '1110', 'สำนักงานบริการลูกค้า กสท หนองไผ่                    ', 'PROFIT_COST_CENTER', NULL, NULL, NULL, NULL, NULL, '01149', '1J20235', 'Y', NULL, NULL, NULL, NULL, NULL, NULL, NULL, NULL, NULL),
	(4476, '1111', 'สำนักงานบริการลูกค้า กสท ตะพานหิน                   ', 'PROFIT_COST_CENTER', NULL, NULL, NULL, NULL, NULL, '01150', '1J20232', 'Y', NULL, NULL, NULL, NULL, NULL, NULL, NULL, NULL, NULL),
	(4477, '1112', 'สำนักงานบริการลูกค้า กสท ตาคลี                      ', 'PROFIT_COST_CENTER', NULL, NULL, NULL, NULL, NULL, '01152', '1J20228', 'Y', NULL, NULL, NULL, NULL, NULL, NULL, NULL, NULL, NULL),
	(4478, '1113', 'สำนักงานบริการลูกค้า กสท นครสวรรค์                  ', 'PROFIT_COST_CENTER', NULL, NULL, NULL, NULL, NULL, '01221', '1J20227', 'Y', NULL, NULL, NULL, NULL, NULL, NULL, NULL, NULL, NULL),
	(4479, '1114', 'สำนักงานบริการลูกค้า กสท สระบุรี                    ', 'PROFIT_COST_CENTER', NULL, NULL, NULL, NULL, NULL, '01222', '1J20226', 'Y', NULL, NULL, NULL, NULL, NULL, NULL, NULL, NULL, NULL),
	(4480, '1115', 'สำนักงานบริการลูกค้า กสท หล่มสัก                    ', 'PROFIT_COST_CENTER', NULL, NULL, NULL, NULL, NULL, '01316', '1J20234', 'Y', NULL, NULL, NULL, NULL, NULL, NULL, NULL, NULL, NULL),
	(4481, '1116', 'สำนักงานบริการลูกค้า กสท ชัยบาดาล                   ', 'PROFIT_COST_CENTER', NULL, NULL, NULL, NULL, NULL, '01338', '1J20223', 'Y', NULL, NULL, NULL, NULL, NULL, NULL, NULL, NULL, NULL),
	(4482, '1117', 'สำนักงานบริการลูกค้า กสท แคท ซีดีแอมเอ นครสวรรค์    ', 'PROFIT_COST_CENTER', NULL, NULL, NULL, NULL, NULL, '01375', '1J20227', 'Y', NULL, NULL, NULL, NULL, NULL, NULL, NULL, NULL, NULL),
	(4483, '1200', 'สำนักงานบริการลูกค้า กสท เขตตะวันออก', 'PROFIT_COST_CENTER', NULL, NULL, NULL, NULL, NULL, '01228', NULL, 'Y', NULL, NULL, NULL, NULL, NULL, NULL, NULL, NULL, NULL),
	(4484, '1201', 'สำนักงานบริการลูกค้า กสท ชลบุรี                     ', 'PROFIT_COST_CENTER', NULL, NULL, NULL, NULL, NULL, '01189', '1J30220', 'Y', NULL, NULL, NULL, NULL, NULL, NULL, NULL, NULL, NULL),
	(4485, '1202', 'สำนักงานบริการลูกค้า กสท ตราด                       ', 'PROFIT_COST_CENTER', NULL, NULL, NULL, NULL, NULL, '01190', '1J30228', 'Y', NULL, NULL, NULL, NULL, NULL, NULL, NULL, NULL, NULL),
	(4486, '1203', 'สำนักงานบริการลูกค้า กสท ระยอง                      ', 'PROFIT_COST_CENTER', NULL, NULL, NULL, NULL, NULL, '01191', '1J30224', 'Y', NULL, NULL, NULL, NULL, NULL, NULL, NULL, NULL, NULL),
	(4487, '1204', 'สำนักงานบริการลูกค้า กสท ปราจีนบุรี                 ', 'PROFIT_COST_CENTER', NULL, NULL, NULL, NULL, NULL, '01192', '1J30230', 'Y', NULL, NULL, NULL, NULL, NULL, NULL, NULL, NULL, NULL),
	(4488, '1205', 'สำนักงานบริการลูกค้า กสท ฉะเชิงเทรา                 ', 'PROFIT_COST_CENTER', NULL, NULL, NULL, NULL, NULL, '01193', '1J30229', 'Y', NULL, NULL, NULL, NULL, NULL, NULL, NULL, NULL, NULL),
	(4489, '1206', 'สำนักงานบริการลูกค้า กสท นครนายก                    ', 'PROFIT_COST_CENTER', NULL, NULL, NULL, NULL, NULL, '01194', '1J30232', 'Y', NULL, NULL, NULL, NULL, NULL, NULL, NULL, NULL, NULL),
	(4490, '1207', 'สำนักงานบริการลูกค้า กสท สัตหีบ                     ', 'PROFIT_COST_CENTER', NULL, NULL, NULL, NULL, NULL, '01195', '1J30221', 'Y', NULL, NULL, NULL, NULL, NULL, NULL, NULL, NULL, NULL),
	(4491, '1208', 'สำนักงานบริการลูกค้า กสท อรัญประเทศ                 ', 'PROFIT_COST_CENTER', NULL, NULL, NULL, NULL, NULL, '01196', '1J30234', 'Y', NULL, NULL, NULL, NULL, NULL, NULL, NULL, NULL, NULL),
	(4492, '1209', 'สำนักงานบริการลูกค้า กสท กบินทร์บุรี                ', 'PROFIT_COST_CENTER', NULL, NULL, NULL, NULL, NULL, '01197', '1J30231', 'Y', NULL, NULL, NULL, NULL, NULL, NULL, NULL, NULL, NULL),
	(4493, '1210', 'สำนักงานบริการลูกค้า กสท พัทยา                      ', 'PROFIT_COST_CENTER', NULL, NULL, NULL, NULL, NULL, '01215', '1J30223', 'Y', NULL, NULL, NULL, NULL, NULL, NULL, NULL, NULL, NULL),
	(4494, '1211', 'สำนักงานบริการลูกค้า กสท จันทบุรี                   ', 'PROFIT_COST_CENTER', NULL, NULL, NULL, NULL, NULL, '01232', '1J30227', 'Y', NULL, NULL, NULL, NULL, NULL, NULL, NULL, NULL, NULL),
	(4495, '1212', 'สำนักงานบริการลูกค้า กสท แหลมฉบัง                   ', 'PROFIT_COST_CENTER', NULL, NULL, NULL, NULL, NULL, '01237', '1J30222', 'Y', NULL, NULL, NULL, NULL, NULL, NULL, NULL, NULL, NULL),
	(4496, '1213', 'สำนักงานบริการลูกค้า กสท มาบตาพุด                   ', 'PROFIT_COST_CENTER', NULL, NULL, NULL, NULL, NULL, '01246', '1J30226', 'Y', NULL, NULL, NULL, NULL, NULL, NULL, NULL, NULL, NULL),
	(4497, '1214', 'สำนักงานบริการลูกค้า กสท สระแก้ว                    ', 'PROFIT_COST_CENTER', NULL, NULL, NULL, NULL, NULL, '01278', '1J30233', 'Y', NULL, NULL, NULL, NULL, NULL, NULL, NULL, NULL, NULL),
	(4498, '1216', 'สำนักงานบริการลูกค้า กสท ปลวกแดง   ', 'PROFIT_COST_CENTER', NULL, NULL, NULL, NULL, NULL, '01381', '1J30225', 'Y', NULL, NULL, NULL, NULL, NULL, NULL, NULL, NULL, NULL),
	(4499, '1300', 'สำนักงานบริการลูกค้า กสท เขตตะวันออกเฉลียงเหนือ', 'PROFIT_COST_CENTER', NULL, NULL, NULL, NULL, NULL, '01231', NULL, 'Y', NULL, NULL, NULL, NULL, NULL, NULL, NULL, NULL, NULL),
	(4500, '1301', 'สำนักงานบริการลูกค้า กสท อุดรธานี                   ', 'PROFIT_COST_CENTER', NULL, NULL, NULL, NULL, NULL, '01170', '1J30133', 'Y', NULL, NULL, NULL, NULL, NULL, NULL, NULL, NULL, NULL),
	(4501, '1302', 'สำนักงานบริการลูกค้า กสท สุรินทร์                   ', 'PROFIT_COST_CENTER', NULL, NULL, NULL, NULL, NULL, '01171', '1J30123', 'Y', NULL, NULL, NULL, NULL, NULL, NULL, NULL, NULL, NULL),
	(4502, '1303', 'สำนักงานบริการลูกค้า กสท สกลนคร                     ', 'PROFIT_COST_CENTER', NULL, NULL, NULL, NULL, NULL, '01172', '1J30140', 'Y', NULL, NULL, NULL, NULL, NULL, NULL, NULL, NULL, NULL),
	(4503, '1304', 'สำนักงานบริการลูกค้า กสท อุบลราชธานี                ', 'PROFIT_COST_CENTER', NULL, NULL, NULL, NULL, NULL, '01173', '1J30125', 'Y', NULL, NULL, NULL, NULL, NULL, NULL, NULL, NULL, NULL),
	(4504, '1305', 'สำนักงานบริการลูกค้า กสท มุกดาหาร                   ', 'PROFIT_COST_CENTER', NULL, NULL, NULL, NULL, NULL, '01174', '1J30142', 'Y', NULL, NULL, NULL, NULL, NULL, NULL, NULL, NULL, NULL),
	(4505, '1306', 'สำนักงานบริการลูกค้า กสท ศรีสะเกษ                   ', 'PROFIT_COST_CENTER', NULL, NULL, NULL, NULL, NULL, '01175', '1J30124', 'Y', NULL, NULL, NULL, NULL, NULL, NULL, NULL, NULL, NULL),
	(4506, '1307', 'สำนักงานบริการลูกค้า กสท ร้อยเอ็ด                   ', 'PROFIT_COST_CENTER', NULL, NULL, NULL, NULL, NULL, '01176', '1J30138', 'Y', NULL, NULL, NULL, NULL, NULL, NULL, NULL, NULL, NULL),
	(4507, '1308', 'สำนักงานบริการลูกค้า กสท หนองคาย                    ', 'PROFIT_COST_CENTER', NULL, NULL, NULL, NULL, NULL, '01177', '1J30135', 'Y', NULL, NULL, NULL, NULL, NULL, NULL, NULL, NULL, NULL),
	(4508, '1309', 'สำนักงานบริการลูกค้า กสท บุรีรัมย์                  ', 'PROFIT_COST_CENTER', NULL, NULL, NULL, NULL, NULL, '01178', '1J30122', 'Y', NULL, NULL, NULL, NULL, NULL, NULL, NULL, NULL, NULL),
	(4509, '1310', 'สำนักงานบริการลูกค้า กสท เลย                        ', 'PROFIT_COST_CENTER', NULL, NULL, NULL, NULL, NULL, '01179', '1J30134', 'Y', NULL, NULL, NULL, NULL, NULL, NULL, NULL, NULL, NULL),
	(4510, '1311', 'สำนักงานบริการลูกค้า กสท ชัยภูมิ                    ', 'PROFIT_COST_CENTER', NULL, NULL, NULL, NULL, NULL, '01180', '1J30127', 'Y', NULL, NULL, NULL, NULL, NULL, NULL, NULL, NULL, NULL),
	(4511, '1312', 'สำนักงานบริการลูกค้า กสท มหาสารคาม                  ', 'PROFIT_COST_CENTER', NULL, NULL, NULL, NULL, NULL, '01181', '1J30137', 'Y', NULL, NULL, NULL, NULL, NULL, NULL, NULL, NULL, NULL),
	(4512, '1313', 'สำนักงานบริการลูกค้า กสท กาฬสินธุ์                  ', 'PROFIT_COST_CENTER', NULL, NULL, NULL, NULL, NULL, '01182', '1J30139', 'Y', NULL, NULL, NULL, NULL, NULL, NULL, NULL, NULL, NULL),
	(4513, '1314', 'สำนักงานบริการลูกค้า กสท ยโสธร                      ', 'PROFIT_COST_CENTER', NULL, NULL, NULL, NULL, NULL, '01183', '1J30126', 'Y', NULL, NULL, NULL, NULL, NULL, NULL, NULL, NULL, NULL),
	(4514, '1315', 'สำนักงานบริการลูกค้า กสท นครพนม                     ', 'PROFIT_COST_CENTER', NULL, NULL, NULL, NULL, NULL, '01184', '1J30141', 'Y', NULL, NULL, NULL, NULL, NULL, NULL, NULL, NULL, NULL),
	(4515, '1316', 'สำนักงานบริการลูกค้า กสท ปากช่อง                    ', 'PROFIT_COST_CENTER', NULL, NULL, NULL, NULL, NULL, '01185', '1J30121', 'Y', NULL, NULL, NULL, NULL, NULL, NULL, NULL, NULL, NULL),
	(4516, '1317', 'สำนักงานบริการลูกค้า กสท ชุมแพ                      ', 'PROFIT_COST_CENTER', NULL, NULL, NULL, NULL, NULL, '01186', '1J30132', 'Y', NULL, NULL, NULL, NULL, NULL, NULL, NULL, NULL, NULL),
	(4517, '1318', 'สำนักงานบริการลูกค้า กสท อำนาจเจริญ                 ', 'PROFIT_COST_CENTER', NULL, NULL, NULL, NULL, NULL, '01187', '1J30128', 'Y', NULL, NULL, NULL, NULL, NULL, NULL, NULL, NULL, NULL),
	(4518, '1319', 'สำนักงานบริการลูกค้า กสท บ้านไผ่                    ', 'PROFIT_COST_CENTER', NULL, NULL, NULL, NULL, NULL, '01188', '1J30131', 'Y', NULL, NULL, NULL, NULL, NULL, NULL, NULL, NULL, NULL),
	(4519, '1320', 'สำนักงานบริการลูกค้า กสท นครราชสีมา                 ', 'PROFIT_COST_CENTER', NULL, NULL, NULL, NULL, NULL, '01223', '1J30120', 'Y', NULL, NULL, NULL, NULL, NULL, NULL, NULL, NULL, NULL),
	(4520, '1321', 'สำนักงานบริการลูกค้า กสท ขอนแก่น                    ', 'PROFIT_COST_CENTER', NULL, NULL, NULL, NULL, NULL, '01224', '1J30130', 'Y', NULL, NULL, NULL, NULL, NULL, NULL, NULL, NULL, NULL),
	(4521, '1322', 'สำนักงานบริการลูกค้า กสท บึงกาฬ                     ', 'PROFIT_COST_CENTER', NULL, NULL, NULL, NULL, NULL, '01276', '1J30136', 'Y', NULL, NULL, NULL, NULL, NULL, NULL, NULL, NULL, NULL),
	(4522, '1323', 'สำนักงานบริการลูกค้า กสท หนองบัวลำภู                ', 'PROFIT_COST_CENTER', NULL, NULL, NULL, NULL, NULL, '01323', '1J30129', 'Y', NULL, NULL, NULL, NULL, NULL, NULL, NULL, NULL, NULL),
	(4523, '1324', 'สำนักงานบริการลูกค้า กสท หนองคาย   ', 'PROFIT_COST_CENTER', NULL, NULL, NULL, NULL, NULL, '01360', '1J30135', 'Y', NULL, NULL, NULL, NULL, NULL, NULL, NULL, NULL, NULL),
	(4524, '1325', 'สำนักงานบริการลูกค้า กสท ขอนแก่น   ', 'PROFIT_COST_CENTER', NULL, NULL, NULL, NULL, NULL, '01361', '1J30130', 'Y', NULL, NULL, NULL, NULL, NULL, NULL, NULL, NULL, NULL),
	(4525, '1327', 'สำนักงานบริการลูกค้า กสท แคท ซีดีเอ็มเอ ขอนแก่น     ', 'PROFIT_COST_CENTER', NULL, NULL, NULL, NULL, NULL, '01373', '1J30130', 'Y', NULL, NULL, NULL, NULL, NULL, NULL, NULL, NULL, NULL),
	(4526, '1328', 'สำนักงานบริการลูกค้า กสท อุดรธานี (เซ็นทรัล)        ', 'PROFIT_COST_CENTER', NULL, NULL, NULL, NULL, NULL, '01383', '1J30133', 'Y', NULL, NULL, NULL, NULL, NULL, NULL, NULL, NULL, NULL),
	(4527, '1329', 'สำนักงานบริการลูกค้า กสท อุบลราชธานี (เซ็นทรัล)     ', 'PROFIT_COST_CENTER', NULL, NULL, NULL, NULL, NULL, '01390', '1J30125', 'Y', NULL, NULL, NULL, NULL, NULL, NULL, NULL, NULL, NULL),
	(4528, '1400', 'สำนักงานบริการลูกค้า กสท เขตเหนือ', 'PROFIT_COST_CENTER', NULL, NULL, NULL, NULL, NULL, '01227', NULL, 'Y', NULL, NULL, NULL, NULL, NULL, NULL, NULL, NULL, NULL),
	(4529, '1401', 'สำนักงานบริการลูกค้า กสท เชียงราย                   ', 'PROFIT_COST_CENTER', NULL, NULL, NULL, NULL, NULL, '01154', '1J20129', 'Y', NULL, NULL, NULL, NULL, NULL, NULL, NULL, NULL, NULL),
	(4530, '1402', 'สำนักงานบริการลูกค้า กสท แพร่                       ', 'PROFIT_COST_CENTER', NULL, NULL, NULL, NULL, NULL, '01155', '1J20126', 'Y', NULL, NULL, NULL, NULL, NULL, NULL, NULL, NULL, NULL),
	(4531, '1403', 'สำนักงานบริการลูกค้า กสท น่าน                       ', 'PROFIT_COST_CENTER', NULL, NULL, NULL, NULL, NULL, '01156', '1J20127', 'Y', NULL, NULL, NULL, NULL, NULL, NULL, NULL, NULL, NULL),
	(4532, '1404', 'สำนักงานบริการลูกค้า กสท สุโขทัย                    ', 'PROFIT_COST_CENTER', NULL, NULL, NULL, NULL, NULL, '01157', '1J20136', 'Y', NULL, NULL, NULL, NULL, NULL, NULL, NULL, NULL, NULL),
	(4533, '1405', 'สำนักงานบริการลูกค้า กสท แม่สอด                     ', 'PROFIT_COST_CENTER', NULL, NULL, NULL, NULL, NULL, '01158', '1J20135', 'Y', NULL, NULL, NULL, NULL, NULL, NULL, NULL, NULL, NULL),
	(4534, '1406', 'สำนักงานบริการลูกค้า กสท อุตรดิตถ์                  ', 'PROFIT_COST_CENTER', NULL, NULL, NULL, NULL, NULL, '01159', '1J20125', 'Y', NULL, NULL, NULL, NULL, NULL, NULL, NULL, NULL, NULL),
	(4535, '1407', 'สำนักงานบริการลูกค้า กสท ตาก                        ', 'PROFIT_COST_CENTER', NULL, NULL, NULL, NULL, NULL, '01160', '1J20134', 'Y', NULL, NULL, NULL, NULL, NULL, NULL, NULL, NULL, NULL),
	(4536, '1408', 'สำนักงานบริการลูกค้า กสท พะเยา                      ', 'PROFIT_COST_CENTER', NULL, NULL, NULL, NULL, NULL, '01161', '1J20128', 'Y', NULL, NULL, NULL, NULL, NULL, NULL, NULL, NULL, NULL),
	(4537, '1409', 'สำนักงานบริการลูกค้า กสท ลำพูน                      ', 'PROFIT_COST_CENTER', NULL, NULL, NULL, NULL, NULL, '01162', '1J20122', 'Y', NULL, NULL, NULL, NULL, NULL, NULL, NULL, NULL, NULL),
	(4538, '1410', 'สำนักงานบริการลูกค้า กสท สวรรคโลก                   ', 'PROFIT_COST_CENTER', NULL, NULL, NULL, NULL, NULL, '01163', '1J20137', 'Y', NULL, NULL, NULL, NULL, NULL, NULL, NULL, NULL, NULL),
	(4539, '1411', 'สำนักงานบริการลูกค้า กสท แม่สาย                     ', 'PROFIT_COST_CENTER', NULL, NULL, NULL, NULL, NULL, '01164', '1J20130', 'Y', NULL, NULL, NULL, NULL, NULL, NULL, NULL, NULL, NULL),
	(4540, '1412', 'สำนักงานบริการลูกค้า กสท ฝาง                        ', 'PROFIT_COST_CENTER', NULL, NULL, NULL, NULL, NULL, '01166', '1J20121', 'Y', NULL, NULL, NULL, NULL, NULL, NULL, NULL, NULL, NULL),
	(4541, '1413', 'สำนักงานบริการลูกค้า กสท แม่สะเรียง                 ', 'PROFIT_COST_CENTER', NULL, NULL, NULL, NULL, NULL, '01167', '1J20132', 'Y', NULL, NULL, NULL, NULL, NULL, NULL, NULL, NULL, NULL),
	(4542, '1414', 'สำนักงานบริการลูกค้า กสท เถิน                       ', 'PROFIT_COST_CENTER', NULL, NULL, NULL, NULL, NULL, '01168', '1J20124', 'Y', NULL, NULL, NULL, NULL, NULL, NULL, NULL, NULL, NULL),
	(4543, '1415', 'สำนักงานบริการลูกค้า กสท แม่ฮ่องสอน                 ', 'PROFIT_COST_CENTER', NULL, NULL, NULL, NULL, NULL, '01169', '1J20131', 'Y', NULL, NULL, NULL, NULL, NULL, NULL, NULL, NULL, NULL),
	(4544, '1416', 'สำนักงานบริการลูกค้า กสท เชียงใหม่                  ', 'PROFIT_COST_CENTER', NULL, NULL, NULL, NULL, NULL, '01216', '1J20120', 'Y', NULL, NULL, NULL, NULL, NULL, NULL, NULL, NULL, NULL),
	(4545, '1417', 'สำนักงานบริการลูกค้า กสท ลำปาง                      ', 'PROFIT_COST_CENTER', NULL, NULL, NULL, NULL, NULL, '01217', '1J20123', 'Y', NULL, NULL, NULL, NULL, NULL, NULL, NULL, NULL, NULL),
	(4546, '1418', 'สำนักงานบริการลูกค้า กสท พิษณุโลก                   ', 'PROFIT_COST_CENTER', NULL, NULL, NULL, NULL, NULL, '01218', '1J20138', 'Y', NULL, NULL, NULL, NULL, NULL, NULL, NULL, NULL, NULL),
	(4547, '1419', 'สำนักงานบริการลูกค้า กสท แคท ซีดีเอ็มเอ เชียงใหม่   ', 'PROFIT_COST_CENTER', NULL, NULL, NULL, NULL, NULL, '01371', '1J20120', 'Y', NULL, NULL, NULL, NULL, NULL, NULL, NULL, NULL, NULL),
	(4548, '1422', 'สำนักงานบริการลูกค้า กสท ปาย                        ', 'PROFIT_COST_CENTER', NULL, NULL, NULL, NULL, NULL, '01377', '1J20133', 'Y', NULL, NULL, NULL, NULL, NULL, NULL, NULL, NULL, NULL),
	(4549, '1424', 'สำนักงานบริการลูกค้า กสท เชียงราย (เซ็นทรัล)', 'PROFIT_COST_CENTER', NULL, NULL, NULL, NULL, NULL, '01380', '1J20129', 'Y', NULL, NULL, NULL, NULL, NULL, NULL, NULL, NULL, NULL),
	(4550, '1425', 'สำนักงานบริการลูกค้า กสท พิษณุโลก (เซ็นทรัล)', 'PROFIT_COST_CENTER', NULL, NULL, NULL, NULL, NULL, '01382', '1J20138', 'Y', NULL, NULL, NULL, NULL, NULL, NULL, NULL, NULL, NULL),
	(4551, '1426', 'สำนักงานบริการลูกค้า กสท ลำปาง (เซ็นทรัล)           ', 'PROFIT_COST_CENTER', NULL, NULL, NULL, NULL, NULL, '01385', '1J20123', 'Y', NULL, NULL, NULL, NULL, NULL, NULL, NULL, NULL, NULL),
	(4552, '1427', 'สำนักงานบริการลูกค้า กสท เชียงใหม่ (เม-ญ่า เชียงใหม่)', 'PROFIT_COST_CENTER', NULL, NULL, NULL, NULL, NULL, '01387', '1J20120', 'Y', NULL, NULL, NULL, NULL, NULL, NULL, NULL, NULL, NULL),
	(4553, '1500', 'สำนักงานบริการลูกค้า กสท เขตใต้', 'PROFIT_COST_CENTER', NULL, NULL, NULL, NULL, NULL, '01229', NULL, 'N', NULL, NULL, NULL, NULL, NULL, NULL, NULL, NULL, NULL),
	(4554, '1501', 'สำนักงานบริการลูกค้า กสท นครศรีธรรมราช              ', 'PROFIT_COST_CENTER', NULL, NULL, NULL, NULL, NULL, '01198', '1J10120', 'Y', NULL, NULL, NULL, NULL, NULL, NULL, NULL, NULL, NULL),
	(4555, '1502', 'สำนักงานบริการลูกค้า กสท ยะลา                       ', 'PROFIT_COST_CENTER', NULL, NULL, NULL, NULL, NULL, '01199', '1J10135', 'Y', NULL, NULL, NULL, NULL, NULL, NULL, NULL, NULL, NULL),
	(4556, '1503', 'สำนักงานบริการลูกค้า กสท กระบี่                     ', 'PROFIT_COST_CENTER', NULL, NULL, NULL, NULL, NULL, '01200', '1J10122', 'Y', NULL, NULL, NULL, NULL, NULL, NULL, NULL, NULL, NULL),
	(4557, '1504', 'สำนักงานบริการลูกค้า กสท ทุ่งสง                     ', 'PROFIT_COST_CENTER', NULL, NULL, NULL, NULL, NULL, '01201', '1J10121', 'Y', NULL, NULL, NULL, NULL, NULL, NULL, NULL, NULL, NULL),
	(4558, '1505', 'สำนักงานบริการลูกค้า กสท นราธิวาส                   ', 'PROFIT_COST_CENTER', NULL, NULL, NULL, NULL, NULL, '01202', '1J10137', 'Y', NULL, NULL, NULL, NULL, NULL, NULL, NULL, NULL, NULL),
	(4559, '1506', 'สำนักงานบริการลูกค้า กสท ตรัง                       ', 'PROFIT_COST_CENTER', NULL, NULL, NULL, NULL, NULL, '01203', '1J10132', 'Y', NULL, NULL, NULL, NULL, NULL, NULL, NULL, NULL, NULL),
	(4560, '1507', 'สำนักงานบริการลูกค้า กสท เกาะสมุย                   ', 'PROFIT_COST_CENTER', NULL, NULL, NULL, NULL, NULL, '01205', '1J10128', 'Y', NULL, NULL, NULL, NULL, NULL, NULL, NULL, NULL, NULL),
	(4561, '1508', 'สำนักงานบริการลูกค้า กสท ตะกั่วป่า                  ', 'PROFIT_COST_CENTER', NULL, NULL, NULL, NULL, NULL, '01206', '1J10124', 'Y', NULL, NULL, NULL, NULL, NULL, NULL, NULL, NULL, NULL),
	(4562, '1509', 'สำนักงานบริการลูกค้า กสท สตูล                       ', 'PROFIT_COST_CENTER', NULL, NULL, NULL, NULL, NULL, '01208', '1J10131', 'Y', NULL, NULL, NULL, NULL, NULL, NULL, NULL, NULL, NULL),
	(4563, '1510', 'สำนักงานบริการลูกค้า กสท ปัตตานี                    ', 'PROFIT_COST_CENTER', NULL, NULL, NULL, NULL, NULL, '01209', '1J10134', 'Y', NULL, NULL, NULL, NULL, NULL, NULL, NULL, NULL, NULL),
	(4564, '1511', 'สำนักงานบริการลูกค้า กสท พัทลุง                     ', 'PROFIT_COST_CENTER', NULL, NULL, NULL, NULL, NULL, '01211', '1J10133', 'Y', NULL, NULL, NULL, NULL, NULL, NULL, NULL, NULL, NULL),
	(4565, '1512', 'สำนักงานบริการลูกค้า กสท เบตง                       ', 'PROFIT_COST_CENTER', NULL, NULL, NULL, NULL, NULL, '01213', '1J10136', 'Y', NULL, NULL, NULL, NULL, NULL, NULL, NULL, NULL, NULL),
	(4566, '1513', 'สำนักงานบริการลูกค้า กสท พังงา                      ', 'PROFIT_COST_CENTER', NULL, NULL, NULL, NULL, NULL, '01214', '1J10123', 'Y', NULL, NULL, NULL, NULL, NULL, NULL, NULL, NULL, NULL),
	(4567, '1514', 'สำนักงานบริการลูกค้า กสท หาดใหญ่                    ', 'PROFIT_COST_CENTER', NULL, NULL, NULL, NULL, NULL, '01219', '1J10130', 'Y', NULL, NULL, NULL, NULL, NULL, NULL, NULL, NULL, NULL),
	(4568, '1515', 'สำนักงานบริการลูกค้า กสท ภูเก็ต                     ', 'PROFIT_COST_CENTER', NULL, NULL, NULL, NULL, NULL, '01220', '1J10125', 'Y', NULL, NULL, NULL, NULL, NULL, NULL, NULL, NULL, NULL),
	(4569, '1516', 'สำนักงานบริการลูกค้า กสท สุราษฎร์ธานี               ', 'PROFIT_COST_CENTER', NULL, NULL, NULL, NULL, NULL, '01225', '1J10127', 'Y', NULL, NULL, NULL, NULL, NULL, NULL, NULL, NULL, NULL),
	(4570, '1517', 'สำนักงานบริการลูกค้า กสท ป่าตอง                     ', 'PROFIT_COST_CENTER', NULL, NULL, NULL, NULL, NULL, '01252', '1J10126', 'Y', NULL, NULL, NULL, NULL, NULL, NULL, NULL, NULL, NULL),
	(4571, '1518', 'สำนักงานบริการลูกค้า กสท สงขลา                      ', 'PROFIT_COST_CENTER', NULL, NULL, NULL, NULL, NULL, '01328', '1J10129', 'Y', NULL, NULL, NULL, NULL, NULL, NULL, NULL, NULL, NULL),
	(4572, '1519', 'สำนักงานบริการลูกค้า กสท แคท ซีดีเอ็มเอ ภูเก็ต      ', 'PROFIT_COST_CENTER', NULL, NULL, NULL, NULL, NULL, '01366', '1J10125', 'Y', NULL, NULL, NULL, NULL, NULL, NULL, NULL, NULL, NULL),
	(4573, '1520', 'สำนักงานบริการลูกค้า กสท CAT Shop หาดใหญ่           ', 'PROFIT_COST_CENTER', NULL, NULL, NULL, NULL, NULL, '01376', '1J10130', 'Y', NULL, NULL, NULL, NULL, NULL, NULL, NULL, NULL, NULL),
	(4574, '1521', 'สำนักงานบริการลูกค้า กสท สุราษฎร์ธานี (เซ็นทรัล)    ', 'PROFIT_COST_CENTER', NULL, NULL, NULL, NULL, NULL, '01386', '1J10127', 'Y', NULL, NULL, NULL, NULL, NULL, NULL, NULL, NULL, NULL),
	(4575, '1600', 'สำนักงานบริการลูกค้า กสท เขตตะวันตก', 'PROFIT_COST_CENTER', NULL, NULL, NULL, NULL, NULL, '01264', NULL, 'N', NULL, NULL, NULL, NULL, NULL, NULL, NULL, NULL, NULL),
	(4576, '1601', 'สำนักงานบริการลูกค้า กสท นครปฐม                     ', 'PROFIT_COST_CENTER', NULL, NULL, NULL, NULL, NULL, '01131', '1J10224', 'Y', NULL, NULL, NULL, NULL, NULL, NULL, NULL, NULL, NULL),
	(4577, '1602', 'สำนักงานบริการลูกค้า กสท ประจวบคีรีขันธ์            ', 'PROFIT_COST_CENTER', NULL, NULL, NULL, NULL, NULL, '01132', '1J10230', 'Y', NULL, NULL, NULL, NULL, NULL, NULL, NULL, NULL, NULL),
	(4578, '1603', 'สำนักงานบริการลูกค้า กสท หัวหิน                     ', 'PROFIT_COST_CENTER', NULL, NULL, NULL, NULL, NULL, '01133', '1J10231', 'Y', NULL, NULL, NULL, NULL, NULL, NULL, NULL, NULL, NULL),
	(4579, '1604', 'สำนักงานบริการลูกค้า กสท บ้านโป่ง                   ', 'PROFIT_COST_CENTER', NULL, NULL, NULL, NULL, NULL, '01135', '1J10221', 'Y', NULL, NULL, NULL, NULL, NULL, NULL, NULL, NULL, NULL),
	(4580, '1605', 'สำนักงานบริการลูกค้า กสท สมุทรสาคร                  ', 'PROFIT_COST_CENTER', NULL, NULL, NULL, NULL, NULL, '01137', '1J10225', 'Y', NULL, NULL, NULL, NULL, NULL, NULL, NULL, NULL, NULL),
	(4581, '1606', 'สำนักงานบริการลูกค้า กสท สุพรรณบุรี                 ', 'PROFIT_COST_CENTER', NULL, NULL, NULL, NULL, NULL, '01138', '1J10223', 'Y', NULL, NULL, NULL, NULL, NULL, NULL, NULL, NULL, NULL),
	(4582, '1607', 'สำนักงานบริการลูกค้า กสท กาญจนบุรี                  ', 'PROFIT_COST_CENTER', NULL, NULL, NULL, NULL, NULL, '01139', '1J10222', 'Y', NULL, NULL, NULL, NULL, NULL, NULL, NULL, NULL, NULL),
	(4583, '1608', 'สำนักงานบริการลูกค้า กสท ราชบุรี                    ', 'PROFIT_COST_CENTER', NULL, NULL, NULL, NULL, NULL, '01140', '1J10220', 'Y', NULL, NULL, NULL, NULL, NULL, NULL, NULL, NULL, NULL),
	(4584, '1609', 'สำนักงานบริการลูกค้า กสท เพชรบุรี                   ', 'PROFIT_COST_CENTER', NULL, NULL, NULL, NULL, NULL, '01144', '1J10228', 'Y', NULL, NULL, NULL, NULL, NULL, NULL, NULL, NULL, NULL),
	(4585, '1610', 'สำนักงานบริการลูกค้า กสท สมุทรสงคราม                ', 'PROFIT_COST_CENTER', NULL, NULL, NULL, NULL, NULL, '01146', '1J10227', 'Y', NULL, NULL, NULL, NULL, NULL, NULL, NULL, NULL, NULL),
	(4586, '1611', 'สำนักงานบริการลูกค้า กสท ระนอง                      ', 'PROFIT_COST_CENTER', NULL, NULL, NULL, NULL, NULL, '01204', '1J10232', 'Y', NULL, NULL, NULL, NULL, NULL, NULL, NULL, NULL, NULL),
	(4587, '1612', 'สำนักงานบริการลูกค้า กสท ชุมพร                      ', 'PROFIT_COST_CENTER', NULL, NULL, NULL, NULL, NULL, '01207', '1J10233', 'Y', NULL, NULL, NULL, NULL, NULL, NULL, NULL, NULL, NULL),
	(4588, '1613', 'สำนักงานบริการลูกค้า กสท กระทุ่มแบน                 ', 'PROFIT_COST_CENTER', NULL, NULL, NULL, NULL, NULL, '01317', '1J10226', 'Y', NULL, NULL, NULL, NULL, NULL, NULL, NULL, NULL, NULL),
	(4589, '1614', 'สำนักงานบริการลูกค้า กสท ชะอำ                       ', 'PROFIT_COST_CENTER', NULL, NULL, NULL, NULL, NULL, '01318', '1J10229', 'Y', NULL, NULL, NULL, NULL, NULL, NULL, NULL, NULL, NULL),
	(4590, '1700', 'ฝ่ายพัฒนาธุรกิจการตลาดลูกค้ารายย่อย', 'PROFIT_COST_CENTER', NULL, NULL, NULL, NULL, NULL, '00000', '1J60400', 'Y', NULL, NULL, NULL, NULL, NULL, NULL, NULL, NULL, NULL),
	(4591, '1701', 'ศูนย์บริการลูกค้า บางรัก (อาคาร 16)', 'PROFIT_COST_CENTER', NULL, NULL, NULL, NULL, NULL, '01330', '1J60409', 'Y', NULL, NULL, NULL, NULL, NULL, NULL, NULL, NULL, NULL),
	(4592, '1702', 'ศูนย์บริการลูกค้า สามเสนใน     ', 'PROFIT_COST_CENTER', NULL, NULL, NULL, NULL, NULL, '01333', '1J60410', 'Y', NULL, NULL, NULL, NULL, NULL, NULL, NULL, NULL, NULL),
	(4593, '1703', 'ศูนย์บริการลูกค้า มีนบุรี      ', 'PROFIT_COST_CENTER', NULL, NULL, NULL, NULL, NULL, '01334', '1J60411', 'Y', NULL, NULL, NULL, NULL, NULL, NULL, NULL, NULL, NULL),
	(4594, '1704', 'ศูนย์บริการลูกค้า นนทบุรี      ', 'PROFIT_COST_CENTER', NULL, NULL, NULL, NULL, NULL, '01335', '1J60414', 'Y', NULL, NULL, NULL, NULL, NULL, NULL, NULL, NULL, NULL),
	(4595, '1705', 'ศูนย์บริการลูกค้า ราชดำเนิน    ', 'PROFIT_COST_CENTER', NULL, NULL, NULL, NULL, NULL, '01336', '1J60409', 'Y', NULL, NULL, NULL, NULL, NULL, NULL, NULL, NULL, NULL),
	(4596, '1706', 'ศูนย์บริการลูกค้า สมุทรปราการ  ', 'PROFIT_COST_CENTER', NULL, NULL, NULL, NULL, NULL, '01337', '1J60412', 'Y', NULL, NULL, NULL, NULL, NULL, NULL, NULL, NULL, NULL),
	(4597, '1707', 'ศูนย์บริการลูกค้า เซ็นทรัลพลาซ่า พระราม 2', 'PROFIT_COST_CENTER', NULL, NULL, NULL, NULL, NULL, '01343', '1J60413', 'Y', NULL, NULL, NULL, NULL, NULL, NULL, NULL, NULL, NULL),
	(4598, '1708', 'ศูนย์บริการลูกค้า สุขุมวิท     ', 'PROFIT_COST_CENTER', NULL, NULL, NULL, NULL, NULL, '01344', '1J60412', 'Y', NULL, NULL, NULL, NULL, NULL, NULL, NULL, NULL, NULL),
	(4599, '1709', 'ศูนย์บริการลูกค้า เอ็นมาร์คพลาซ่า   ', 'PROFIT_COST_CENTER', NULL, NULL, NULL, NULL, NULL, '01345', '1J60411', 'Y', NULL, NULL, NULL, NULL, NULL, NULL, NULL, NULL, NULL),
	(4600, '1710', 'ศูนย์บริการลูกค้า เดอะมอลล์รามคำแหง', 'PROFIT_COST_CENTER', NULL, NULL, NULL, NULL, NULL, '01346', '1J60411', 'Y', NULL, NULL, NULL, NULL, NULL, NULL, NULL, NULL, NULL),
	(4601, '1711', 'ศูนย์บริการลูกค้า เดอะมอลล์บางแค   ', 'PROFIT_COST_CENTER', NULL, NULL, NULL, NULL, NULL, '01347', '1J60413', 'Y', NULL, NULL, NULL, NULL, NULL, NULL, NULL, NULL, NULL),
	(4602, '1712', 'ศูนย์บริการลูกค้า เดอะมอลล์ท่าพระ  ', 'PROFIT_COST_CENTER', NULL, NULL, NULL, NULL, NULL, '01348', '1J60409', 'Y', NULL, NULL, NULL, NULL, NULL, NULL, NULL, NULL, NULL),
	(4603, '1713', 'ศูนย์บริการลูกค้า คลองหลวง     ', 'PROFIT_COST_CENTER', NULL, NULL, NULL, NULL, NULL, '01350', '1J60414', 'Y', NULL, NULL, NULL, NULL, NULL, NULL, NULL, NULL, NULL),
	(4604, '1714', 'ศูนย์บริการลูกค้า ยานนาวา     ', 'PROFIT_COST_CENTER', NULL, NULL, NULL, NULL, NULL, '01351', '1J60409', 'Y', NULL, NULL, NULL, NULL, NULL, NULL, NULL, NULL, NULL),
	(4605, '1715', 'CAT TELECOM INTERNATIONAL TRAN', 'PROFIT_COST_CENTER', NULL, NULL, NULL, NULL, NULL, '01370', '1J60415', 'Y', NULL, NULL, NULL, NULL, NULL, NULL, NULL, NULL, NULL),
	(4606, '1716', 'ศูนย์บริการลูกค้า จัตุรัสจามจุรี    ', 'PROFIT_COST_CENTER', NULL, NULL, NULL, NULL, NULL, '01379', '1J60410', 'Y', NULL, NULL, NULL, NULL, NULL, NULL, NULL, NULL, NULL),
	(4607, '1717', 'ศูนย์บริการลูกค้า แจ้งวัฒนะ', 'PROFIT_COST_CENTER', NULL, NULL, NULL, NULL, NULL, '00000', '1J60410', 'Y', NULL, NULL, NULL, NULL, NULL, NULL, NULL, NULL, NULL),
	(4608, '1719', 'ศูนย์บริการลูกค้า อาคาร CAT TOWER  ', 'PROFIT_COST_CENTER', NULL, NULL, NULL, NULL, NULL, '01349', '1J60409', 'Y', NULL, NULL, NULL, NULL, NULL, NULL, NULL, NULL, NULL),
	(4609, '1721', 'ศูนย์บริการลูกค้า ธนบุรี       ', 'PROFIT_COST_CENTER', NULL, NULL, NULL, NULL, NULL, '01388', '1J60413', 'Y', NULL, NULL, NULL, NULL, NULL, NULL, NULL, NULL, NULL),
	(4610, '1722', 'ศูนย์บริการลูกค้า เมกา บางนา   ', 'PROFIT_COST_CENTER', NULL, NULL, NULL, NULL, NULL, '01389', '1J60412', 'Y', NULL, NULL, NULL, NULL, NULL, NULL, NULL, NULL, NULL),
	(4611, '1723', 'ส่วนบริหารการรับชำระผ่านตัวแทน', 'PROFIT_COST_CENTER', NULL, NULL, NULL, NULL, NULL, '00000', '1J00200', 'Y', NULL, NULL, NULL, NULL, NULL, NULL, NULL, NULL, NULL);
